Workbook
Name __DemandLoad: TRUE
Name \a: #REF!
Name \a: #REF!
Name \a: #REF!
Name \a: #REF!
Name \a: #REF!
Name \a: #REF!
Name \b: #REF!
Name \b: #REF!
Name \b: #REF!
Name \b: #REF!
Name \b: #REF!
Name \b: #REF!
Name \c: #REF!
Name \c: #REF!
Name \c: #REF!
Name \c: #REF!
Name \c: #REF!
Name \c: #REF!
Name \d: #REF!
Name \d: #REF!
Name \d: #REF!
Name \d: #REF!
Name \d: #REF!
Name \d: #REF!
Name \e: #REF!
Name \e: #REF!
Name \e: #REF!
Name \e: #REF!
Name \e: #REF!
Name \e: #REF!
Name \f: #REF!
Name \f: #REF!
Name \f: #REF!
Name \f: #REF!
Name \f: #REF!
Name \f: #REF!
Name \g: #REF!
Name \g: #REF!
Name \g: #REF!
Name \g: #REF!
Name \g: #REF!
Name \g: #REF!
Name \h: #REF!
Name \h: #REF!
Name \h: #REF!
Name \h: #REF!
Name \h: #REF!
Name \h: #REF!
Name \i: #REF!
Name \i: #REF!
Name \i: #REF!
Name \i: #REF!
Name \i: #REF!
Name \i: #REF!
Name \j: #REF!
Name \j: #REF!
Name \j: #REF!
Name \j: #REF!
Name \j: #REF!

Sheet 정리표 (마루높이)
A1: 기존시설(50년)
A2: 구분 | B2: B | C2: C | D2: D
B3: 산정 마루높이 | C3: 산정 마루높이 | D3: 산정 마루높이
A4: 항만 및 어항 설계기준 | B4: DL(+)5.46~7.73m | C4: DL(+)5.88~8.61m | D4: DL(+)5.76~8.36m
A5: 처오름높이 | B5: ='나.마루높이검토(기존시설50년)'!O14 -> 8.081 | C5: ='나.마루높이검토(기존시설50년)'!W14 -> 9.026 | D5: ='나.마루높이검토(기존시설50년)'!AD14 -> 8.756
A6: 허용월파량 | B6: ='나.마루높이검토(기존시설50년)'!O15 -> #REF! | C6: ='나.마루높이검토(기존시설50년)'!W15 -> #REF! | D6: ='나.마루높이검토(기존시설50년)'!AD15 -> #REF!
A7: 전달파고 | B7: ='나.마루높이검토(기존시설50년)'!O16 -> 6 | C7: ='나.마루높이검토(기존시설50년)'!W16 -> 6.6 | D7: ='나.마루높이검토(기존시설50년)'!AD16 -> 6.4
A9: 기존시설(100년)
A10: 구분 | B10: B | C10: C | D10: D
B11: 산정 마루높이 | C11: 산정 마루높이 | D11: 산정 마루높이
A12: 항만 및 어항 설계기준 | B12: DL(+)5.52~7.86m | C12: DL(+)5.94~8.73m | D12: DL(+)5.88~8.61m
A13: 처오름높이 | B13: ='2.2 기존시설 마루높이'!K14 -> 8.216 | C13: ='2.2 기존시설 마루높이'!T14 -> 9.161 | D13: ='2.2 기존시설 마루높이'!AC14 -> 9.026
A14: 허용월파량 | B14: ='2.2 기존시설 마루높이'!K15 -> 8.0972008 | C14: ='2.2 기존시설 마루높이'!T15 -> 9.6036151 | D14: ='2.2 기존시설 마루높이'!AC15 -> 9.5910321
A15: 전달파고 | B15: ='2.2 기존시설 마루높이'!K16 -> 6.1 | C15: ='2.2 기존시설 마루높이'!T16 -> 6.7 | D15: ='2.2 기존시설 마루높이'!AC16 -> 6.6
A17: 신규시설(50년)
A18: 구분 | B18: A | C18: E
B19: 산정 마루높이 | C19: 산정 마루높이
A20: 항만 및 어항 설계기준 | B20: DL(+)5.64~8.11m | C20: DL(+)6.00~8.86m
A21: 처오름높이 | B21: ='3.1.1 마루높이 결정(2)'!AY13 -> 0 | C21: ='3.1.1 마루높이 결정(2)'!AY20 -> 0
A22: 허용월파량 | B22: ='3.1.1 마루높이 결정(2)'!#REF! -> #REF! | C22: ='3.1.1 마루높이 결정(2)'!#REF! -> #REF!
A23: 전달파고 | B23: ='3.1.1 마루높이 결정(2)'!AY14 -> 0 | C23: ='3.1.1 마루높이 결정(2)'!AY21 -> 0
A25: 신규시설(100년)
A26: 구분 | B26: A | C26: E
B27: 산정 마루높이 | C27: 산정 마루높이
A28: 항만 및 어항 설계기준 | B28: DL(+)5.76~8.36m | C28: DL(+)6.18~9.23m
A29: 처오름높이 | B29: ='3.1.1 마루높이 결정(2)'!O13 -> 9.255 | C29: ='3.1.1 마루높이 결정(2)'!BJ20 -> 0
A30: 허용월파량 | B30: ='3.1.1 마루높이 결정(2)'!AB13 -> 0 | C30: ='3.1.1 마루높이 결정(2)'!#REF! -> #REF!
A31: 전달파고 | B31: ='3.1.1 마루높이 결정(2)'!O14 -> 6 | C31: ='3.1.1 마루높이 결정(2)'!BJ21 -> 0

Sheet 정리표 (피복석)
A1: 기존시설(50년)
A2: 구분 | B2: B | D2: C | F2: D
B3: 산정 소요질량 | C3: 적용 T.T.P | D3: 산정 소요질량 | E3: 적용 T.T.P | F3: 산정 소요질량 | G3: 적용 T.T.P
A4: 허드슨 | B4: 4.37 | C4: ='1.1.3 피복재 (기존시설50년)'!L20 -> 5 | D4: 7.56 | E4: ='1.1.3 피복재 (기존시설50년)'!Q20 -> 10 | F4: 6.53 | G4: ='1.1.3 피복재 (기존시설50년)'!V20 -> 8
A5: 반데미어 | B5: 6.09 | C5: ='1.1.3 피복재 (기존시설50년)'!L21 -> 8 | D5: 11.28 | E5: ='1.1.3 피복재 (기존시설50년)'!Q21 -> 16 | F5: 9.64 | G5: ='1.1.3 피복재 (기존시설50년)'!V21 -> 12.5
A6: 다까하시 | B6: 5.61 | C6: ='1.1.3 피복재 (기존시설50년)'!L22 -> 6.3 | D6: 9.69 | E6: ='1.1.3 피복재 (기존시설50년)'!Q22 -> 12.5 | F6: 7.64 | G6: ='1.1.3 피복재 (기존시설50년)'!V22 -> 10
A8: 기존시설(100년)
A9: 구분 | B9: B | D9: C | F9: D
B10: 산정 소요질량 | C10: 적용 T.T.P | D10: 산정 소요질량 | E10: 적용 T.T.P | F10: 산정 소요질량 | G10: 적용 T.T.P
A11: 허드슨 | B11: ='2.4 기존시설 피복재검토'!AM61 -> 4.7589223 | C11: 6.3 | D11: ='2.4 기존시설 피복재검토'!AM64 -> 8.1097315 | E11: 10 | F11: ='2.4 기존시설 피복재검토'!AM67 -> 7.5569923 | G11: 10
A12: 반데미어 | B12: ='2.4 기존시설 피복재검토'!AM97 -> 6.2454747 | C12: 8 | D12: ='2.4 기존시설 피복재검토'!AM106 -> 12.160949 | E12: 16 | F12: ='2.4 기존시설 피복재검토'!AM115 -> 11.133874 | G12: 12.5
A13: 다까하시 | B13: ='2.4 기존시설 피복재검토'!AM157 -> 6.1049161 | C13: 8 | D13: ='2.4 기존시설 피복재검토'!AM164 -> 10.403454 | E13: 12.5 | F13: ='2.4 기존시설 피복재검토'!AM171 -> 8.8466251 | G13: 10
A15: 신규시설(50년)
A16: 구분 | B16: A | D16: E
B17: 산정 소요질량 | C17: 적용 T.T.P | D17: 산정 소요질량 | E17: 적용 T.T.P
A18: 허드슨 | B18: ='3.1.3 피복재 소요중량'!#REF! -> #REF! | C18: 6.3 | D18: ='3.1.3 피복재 소요중량'!#REF! -> #REF! | E18: 10
A19: 반데미어 | B19: ='3.1.3 피복재 소요중량'!#REF! -> #REF! | C19: 10 | D19: ='3.1.3 피복재 소요중량'!#REF! -> #REF! | E19: 16
A20: 다까하시 | B20: ='3.1.3 피복재 소요중량'!#REF! -> #REF! | C20: 8 | D20: ='3.1.3 피복재 소요중량'!#REF! -> #REF! | E20: 12.5
A22: 신규시설(100년)
A23: 구분 | B23: A | D23: E
B24: 산정 소요질량 | C24: 적용 T.T.P | D24: 산정 소요질량 | E24: 적용 T.T.P
A25: 허드슨 | B25: ='3.1.3 피복재 소요중량'!AM56 -> 6.5271461 | C25: 8 | D25: ='3.1.3 피복재 소요중량'!AM59 -> 10.588561 | E25: 12.5
A26: 반데미어 | B26: ='3.1.3 피복재 소요중량'!AM90 -> 9.3921491 | C26: 12.5 | D26: ='3.1.3 피복재 소요중량'!AM98 -> 16.976377 | E26: 20
A27: 다까하시 | B27: ='3.1.3 피복재 소요중량'!AM140 -> 8.3732571 | C27: 10 | D27: ='3.1.3 피복재 소요중량'!AM148 -> 12.395544 | E27: 16

Sheet 3.1.1 마루높이 결정(1)
A1: 추자항 파제제 축조공사
A2: 3.1 주요제원검토
A3: 3.1.1 마루높이 결정
A4: 가. 마루높이 결정
A5: 1) 검토방향
B6: ▸ 마루높이는 일반적으로 배후수역의 정온도, 배후 항만시설의 보전등을 감안
B7: 설계조위상 적정한 마루높이로 결정
A9: 2) 검토방법
B10: ▸ 마루높이는 다음의 방법을 고려하여 결정
B11: - 항만 및 어항설계기준에 의한 방법
B12: - 처오름높이에 의한 방법
B13: - 항내 전달파고에 의한 방법
B14: - 인근 구조물 마루높이 조사
A16: 3) 검토조건
B17: 가) 파랑조건
B18: 구 분 | L18: 파고(H⅓) | Q18: 주기(T⅓) | W18: 설계수심 | AC18: 해저경사 | AI18: 비 고
B19: 북측파제제 | L19: 4 | Q19: 11.5 | W19: -5.1 | AC19: 0.02
B20: 남측파제제 | L20: 4.7 | Q20: 11.6 | W20: -10.5 | AC20: 0.02
B22: 나) 조위조건
B23: 구 분 | P23: 조 위 (m) | W23: 조 위 표
B24: 약최고고조위 | I24: Aprox.H.H.W | P24: 3.356
B25: 대조평균고조위 | I25: H.W.O.S.T | P25: 2.904
B26: 평균고조위 | I26: H.W.O.M.T | P26: 2.554
B27: 소조평균고조위 | I27: H.W.O.N.T | P27: 2.204
B28: 평균해면 | I28: M.S.L | P28: 1.678
B29: 소조평균저조위 | I29: L.W.O.N.T | P29: 1.152
B30: 평균저조위 | I30: L.W.O.M.T | P30: 0.802
B31: 대조평균저조위 | I31: L.W.O.S.T | P31: 0.452
B32: 약최저저조위 | I32: Aprox.L.L.W | P32: 0
B33: 다) 해수면상승고
B34: ▸ IPCC에서 발행한 SSP 1-2.6 시나리오(2015~2100)에 기반하여 해수면상승을 고려
B35: - 시나리오 결과 광역 해수면 상승고 및 상승률은 다음 그림과 같음
B36: <해수면 상승폭> (2015년~2100년) | V36: <해수면 상승률>
B47: - 추자도 해수면 상승고 및 상승률은 다음 그림과 같음
B48: <해수면 상승폭> (2015년~2100년) | R48: 단위 : cm | U48: <해수면 상승률> | AL48: 단위 : mm / 년
B59: 구 분 | G59: 해수면상승률(m/year) | Q59: 재현빈도 | Z59: 해수면상승고(m) | AI59: 비 고
B60: 추자도 지역 | G60: 0.00499 | Q60: 100 | Z60: =G60*Q60 -> 0.499
B62: 라) 설계조위
B63: - 설계조위는 약최고고조위에 해수면상승고를 고려한 | S63: =P24+Z60 -> 3.855 | Y63: 로 결정

Sheet 4) 설계고조위
A1: 4) 설계 고조위
B2: 구 분 | K2: 산 정 방 법 | AE2: 비 고
B3: 제1방법 | K3: 기왕의 고극조위 | AE3: 30년간 관측자료
B4: 제2방법 | K4: 약최고고조위 + 조위편차 | AE4: 30년간 관측자료
B5: 제3방법 | K5: 약최고고조위 + 폭풍해일고 | AE5: 30년간 관측자료
B6: 주) 항만 및 어항 설계기준(KDS 64 10 10 : 2017, p186, 해양수산부) 참조
B8: - 약최고고조위(APP. H.H.W) | P8: ='3.1.1 마루높이 결정(1)'!P24:V24 -> 3.356
B9: - 약최고고조위(APP. H.H.W)(부산) | P9: ='3.1.1 마루높이 결정(1)'!P24:V24 -> 3.356
B11: 가) 기왕의 고극조위(Obs. H.H.W) : | P11: =MAX((H14:N23),(U14:AA23),(AH14:AN23)) -> 2.11
B12: - 부산항의 고극조위 관측기록치를 이용하여 고극조위 산정 | AK12: (단위 :m)
B13: 년 도 | H13: 고극조위 | O13: 년 도 | U13: 고극조위 | AB13: 년 도 | AH13: 고극조위
B14: 1992 | H14: 1.61 | O14: 2002 | U14: 1.65 | AB14: 2012 | AH14: 1.84
B15: =B14+1 -> 1993 | H15: 1.51 | O15: =O14+1 -> 2003 | U15: 2.11 | AB15: =AB14+1 -> 2013 | AH15: 1.56
B16: =B15+1 -> 1994 | H16: 1.55 | O16: =O15+1 -> 2004 | U16: 1.69 | AB16: =AB15+1 -> 2014 | AH16: 1.7
B17: =B16+1 -> 1995 | H17: 1.49 | O17: =O16+1 -> 2005 | U17: 1.68 | AB17: =AB16+1 -> 2015 | AH17: 1.62
B18: =B17+1 -> 1996 | H18: 1.58 | O18: =O17+1 -> 2006 | U18: 1.62 | AB18: =AB17+1 -> 2016 | AH18: 1.74
B19: =B18+1 -> 1997 | H19: 1.58 | O19: =O18+1 -> 2007 | U19: 1.57 | AB19: =AB18+1 -> 2017 | AH19: 1.62
B20: =B19+1 -> 1998 | H20: 1.6 | O20: =O19+1 -> 2008 | U20: 1.56 | AB20: =AB19+1 -> 2018 | AH20: 1.69
B21: =B20+1 -> 1999 | H21: 1.65 | O21: =O20+1 -> 2009 | U21: 1.57 | AB21: =AB20+1 -> 2019 | AH21: 1.65
B22: =B21+1 -> 2000 | H22: 1.68 | O22: =O21+1 -> 2010 | U22: 1.71 | AB22: =AB21+1 -> 2020 | AH22: 1.84
B23: =B22+1 -> 2001 | H23: 1.69 | O23: =O22+1 -> 2011 | U23: 1.52 | AB23: =AB22+1 -> 2021 | AH23: 1.71
B25: 나) 약최고고조위(App. H.H.W)에 기왕최대조위편차를 더한 조위
B26: - 약최고고조위(App. H.H.W) + 조위편차 = | T26: =P9 -> 3.356 | X26: + | Y26: =MAX((H28:N37),(U28:AA37),(AH28:AN37))/100 -> 0.0036 | AB26: = | AC26: =T26+Y26 -> 3.3596 | AK26: (단위 :cm)
B27: 관측년도 | H27: 조위편차 | O27: 관측년도 | U27: 조위편차 | AB27: 관측년도 | AH27: 조위편차
B28: 1992 | H28: 0 | O28: 2002 | U28: 0.18 | AB28: 2012 | AH28: 0.18
B29: =B28+1 -> 1993 | H29: 0 | O29: =O28+1 -> 2003 | U29: 0.17 | AB29: =AB28+1 -> 2013 | AH29: 0.22
B30: =B29+1 -> 1994 | H30: 0 | O30: =O29+1 -> 2004 | U30: 0.17 | AB30: =AB29+1 -> 2014 | AH30: 0.19
B31: =B30+1 -> 1995 | H31: 0 | O31: =O30+1 -> 2005 | U31: 0.23 | AB31: =AB30+1 -> 2015 | AH31: 0.24
B32: =B31+1 -> 1996 | H32: 0 | O32: =O31+1 -> 2006 | U32: 0.25 | AB32: =AB31+1 -> 2016 | AH32: 0.32
B33: =B32+1 -> 1997 | H33: 0 | O33: =O32+1 -> 2007 | U33: 0.2 | AB33: =AB32+1 -> 2017 | AH33: 0.27
B34: =B33+1 -> 1998 | H34: 0 | O34: =O33+1 -> 2008 | U34: 0.2 | AB34: =AB33+1 -> 2018 | AH34: 0.21
B35: =B34+1 -> 1999 | H35: 0 | O35: =O34+1 -> 2009 | U35: 0.25 | AB35: =AB34+1 -> 2019 | AH35: 0.29
B36: =B35+1 -> 2000 | H36: 0.19 | O36: =O35+1 -> 2010 | U36: 0.28 | AB36: =AB35+1 -> 2020 | AH36: 0.36
B37: =B36+1 -> 2001 | H37: 0.22 | O37: =O36+1 -> 2011 | U37: 0.22 | AB37: =AB36+1 -> 2021 | AH37: 0.28
B39: 다) 50년빈도 폭풍해일고
B40: - 약최고고조위(App. H.H.W) + 폭풍해일고 = | T40: =P9 -> 3.356 | X40: + | Y40: 1.1 | AB40: = | AC40: =T40+Y40 -> 4.456
B41: 구 분 | K41: 폭풍해일고 | U41: 재현빈도 | AE41: 비 고
B42: 부산항 | K42: 110.0cm | U42: 50년
B44: 라) 설계 고조위
B45: - 조위 결정
B46: 구 분 | E46: 고극조위 | O46: App. H.H.W + | Y46: App. H.H.W + | AI46: 채 택
E47: (Obs. H.H.W) | O47: 최대조위편차 | Y47: 폭풍해일고
B48: 방파제 | E48: =P11 -> 2.11 | O48: =AC26 -> 3.3596 | Y48: =AC40 -> 4.456 | AI48: =MAX(E48:AH49) -> 4.456

Sheet 3.1.1 마루높이 결정(2)
A1: 나. 마루높이 검토
A2: 1) 마루높이 산정방법
B3: 구 분 | M3: 산정방법 | AD3: 비 고
B4: 항만 및 어항설계기준 에 의한 방법 | M4: 설계조위 + (0.6 ~ 1.25) H⅓
B5: 처오름높이에 의한 방법 | M5: R = Ho' × R/Ho' × γ × K
B6: 파고전달율에 의한 방법 | M6: HT = KTO × HI
B7: 인근 구조물 마루높이
B9: 2) 마루높이 결정
C10: 북측파제제
B11: 구 분 | O11: 100년 빈도 | AK11: 산정 마루높이
B12: 항만 및 어항 설계기준에 의한 방법 | O12: =AE36 -> 6.26 | X12: ~ | AA12: =AK36 -> 8.86 | AK12: 7.3
B13: 처오름 높이에 의한 방법 | O13: =AE80 -> 9.255
B14: 전달 파고에 의한 방법 | O14: =J128 -> 6
B15: 인근 구조물 마루높이 | O15: =O133 -> 7.18 | X15: ~ | AA15: =W133 -> 7.3
C17: 남측파제제
B18: 구 분 | O18: 100년 빈도 | AK18: 산정 마루높이
B19: 항만 및 어항 설계기준에 의한 방법 | O19: =AE37 -> 6.68 | X19: ~ | AA19: =AK37 -> 9.73 | AK19: 6.7
B20: 처오름 높이에 의한 방법 | O20: =AE81 -> 10.2
B21: 전달 파고에 의한 방법 | O21: =J129 -> 6.7
B22: 인근 구조물 마루높이 | O22: =O134 -> 6.59 | X22: ~ | AA22: =W134 -> 7
B24: 3) 마루높이 검토
C25: 가) 검토조건
B26: 구 분 | J26: 파고(H⅓) | O26: 주기(T⅓) | U26: 설계조위 | AB26: 전면수심 | AI26: 설계수심
B27: 북측파제제 | J27: ='3.1.1 마루높이 결정(1)'!L19 -> 4 | O27: ='3.1.1 마루높이 결정(1)'!Q19 -> 11.5 | U27: ='3.1.1 마루높이 결정(1)'!S63 -> 3.855 | AB27: ='3.1.1 마루높이 결정(1)'!W19 -> -5.1 | AI27: =U27-AB27 -> 8.955
B28: 남측파제제 | J28: ='3.1.1 마루높이 결정(1)'!L20 -> 4.7 | O28: ='3.1.1 마루높이 결정(1)'!Q20 -> 11.6 | U28: =U27 -> 3.855 | AB28: ='3.1.1 마루높이 결정(1)'!W20 -> -10.5 | AI28: =U28-AB28 -> 14.355
C31: 나) 마루높이 산정
C32: (1) 항만 및 어항설계기준에 의한 방법 (KDS 64 45 20 p.12 참조)
D33: 마루높이 = 설계조위 + (0.6~1.25) · H1/3
B35: 구 분 | J35: 파고(H⅓) | P35: 산정과정 | AE35: 마루높이
B36: 북측파제제 | J36: =J27 -> 4 | P36: =U27 -> 3.855 | S36: + | T36: 0.6 | V36: ~ | W36: 1.25 | Z36: × | AA36: =J36 -> 4 | AD36: = | AE36: =ROUND(P36+(T36*AA36),2) -> 6.26 | AJ36: ~ | AK36: =ROUND(P36+(W36*AA36),2) -> 8.86
B37: 남측파제제 | J37: =J28 -> 4.7 | P37: =U28 -> 3.855 | S37: + | T37: 0.6 | V37: ~ | W37: 1.25 | Z37: × | AA37: =J37 -> 4.7 | AD37: = | AE37: =ROUND(P37+(T37*AA37),2) -> 6.68 | AJ37: ~ | AK37: =ROUND(P37+(W37*AA37),2) -> 9.73
C38: (2) 처오름높이에 의한 방법 (KDS 64 10 10, p.93 참조)
C39: - 항만 및 어항설계기준상의 처오름높이 산정
D40: 1) 불투과성, 일정한 사면경사, 불규칙파시 처오름높이 산정(Mase, 1989)
B44: Rx | H44: Rmax | N44: R2% | T44: R1/10 | Z44: R1/3 | AF44: 평균R
B45: A | H45: 2.32 | N45: 1.86 | T45: 1.7 | Z45: 1.38 | AF45: 0.88
B46: B | H46: 0.77 | N46: 0.71 | T46: 0.71 | Z46: 0.7 | AF46: 0.69
N47: = | O47: =G53/SQRT((T53/AI53)) -> 0.11098205 | S47: (100년) | W47: (북측)
N48: = | O48: =G54/SQRT((T54/AI54)) -> 0.10244843 | S48: (100년) | W48: (남측)
S49: (채택)
B52: 구분 | G52: 해저경사 | M52: H1/3 | T52: H0 | AA52: T1/3 | AI52: L0
B53: 북측파제제 | G53: ='3.1.1 마루높이 결정(1)'!AC19 -> 0.02 | M53: ='3.1.1 마루높이 결정(1)'!L19 -> 4 | T53: 6.7 | AA53: ='3.1.1 마루높이 결정(1)'!Q19 -> 11.5 | AI53: =1.56*AA53^2 -> 206.31
B54: 남측파제제 | G54: ='3.1.1 마루높이 결정(1)'!AC19 -> 0.02 | M54: ='3.1.1 마루높이 결정(1)'!L20 -> 4.7 | T54: 8 | AA54: ='3.1.1 마루높이 결정(1)'!Q20 -> 11.6 | AI54: =1.56*AA54^2 -> 209.9136
C55: R1/3 | E55: = | F55: H1/3 | H55: × | I55: ( | J55: 0.25 | L55: + | M55: 1.1 | O55: × | P55: ξ | R55: ( | S55: =O47 -> 0.11098205 | V55: ) | W55: ) | X55: = | Y55: =M53*(J55+M55*O47) -> 1.488321 | AB55: (100년) | AG55: (북측 파제제)
C56: R1/3 | E56: = | F56: H1/3 | H56: × | I56: ( | J56: 0.25 | L56: + | M56: 1.1 | O56: × | P56: ξ | R56: ( | S56: =O48 -> 0.10244843 | V56: ) | W56: ) | X56: = | Y56: =M54*(J56+M56*O48) -> 1.7046584 | AB56: (100년) | AG56: (남측 파제제)
B58: 구분 | M58: 설계조위 | V58: R(처오름높이) | AE58: 마루높이
B59: 북측파제제 | M59: =U27 -> 3.855 | V59: =Y55 -> 1.488321 | AE59: =M59+V59 -> 5.343321
B60: 남측파제제 | M60: =M59 -> 3.855 | V60: =Y56 -> 1.7046584 | AE60: =M60+V60 -> 5.5596584
C61: 2) 피복석 사면의 처오름높이 산정(C.E.M, 2006)
Q64: (채택)
H66: ( | I66: =AD75 -> 1.35 | K66: / | L66: =AD73 -> 0.88 | N66: ) | O66: =1/AD74 -> 2.4390244 | Q66: (R1/3 적용) | V66: = | W66: =(I66/L66)^O66 -> 2.8398497
B67: 구분 | G67: tanβ | M67: H1/3 | T67: T1/3 | AA67: L0 | AI67: ξm
B68: 북측파제제 | G68: =1/1.5 -> 0.66666667 | M68: =M53 -> 4 | T68: =AA53 -> 11.5 | AA68: =AI53 -> 206.31 | AI68: =G68/SQRT((2*3.14*M68)/(9.81*T68^2)) -> 4.7910562
B69: 남측파제제 | G69: =1/1.5 -> 0.66666667 | M69: =M54 -> 4.7 | T69: =AA54 -> 11.6 | AA69: =AI54 -> 209.9136 | AI69: =G69/SQRT((2*3.14*M69)/(9.81*T69^2)) -> 4.4583328
B71: Rx | I71: Rmax | P71: R2% | W71: R1/10 | AD71: R1/3 | AK71: 평균R
B72: A | I72: 1.12 | P72: 0.96 | W72: 0.77 | AD72: 0.72 | AK72: 0.47
B73: B | I73: 1.34 | P73: 1.17 | W73: 0.94 | AD73: 0.88 | AK73: 0.6
B74: C | I74: 0.55 | P74: 0.46 | W74: 0.42 | AD74: 0.41 | AK74: 0.34
B75: D | I75: 2.58 | P75: 1.97 | W75: 1.45 | AD75: 1.35 | AK75: 0.82
C76: R1/3 | E76: = | F76: D | H76: × | I76: H1/3 | L76: = | M76: =AD75 -> 1.35 | O76: × | P76: =M68 -> 4 | S76: = | T76: =M76*P76 -> 5.4 | Y76: (100년) | AD76: (북측 파제제)
C77: R1/3 | E77: = | F77: D | H77: × | I77: H1/3 | L77: = | M77: =AD75 -> 1.35 | O77: × | P77: =M69 -> 4.7 | S77: = | T77: =M77*P77 -> 6.345 | Y77: (100년) | AD77: (남측 파제제)
B79: 구분 | M79: 설계조위 | V79: R(처오름높이) | AE79: 마루높이
B80: 북측파제제 | M80: =M59 -> 3.855 | V80: =T76 -> 5.4 | AE80: =M80+V80 -> 9.255
B81: 남측파제제 | M81: =M80 -> 3.855 | V81: =T77 -> 6.345 | AE81: =M81+V81 -> 10.2
C83: (4) 전달파고에 의한 방법 (KDS 64 10 10 p.107참조)
C84: - 전달파고 결정기준
E86: 전달 파고 (HT) = KTO × HI
F87: 여기서, | J87: KTO | K87: : 월파에 의한 파고 전달율
J88: HI | K88: : 입사 파고
J89: HT | K89: : 전달 파고
G98: 여기서, | K98: R | L98: : 처오름높이 | Z98: Θ | AB98: : 방파제 항외측 사면 경사각
K99: Ho' | L99: : 입사파고 | Z99: tanΘ | AB99: = | AC99: 1 | AD99: : | AE99: 1.5 | AG99: = | AH99: =ROUND(1/1.5,2) -> 0.67
K100: a,b | L100: : 피복재의 유형에 따른 경험 계수 | Z100: Lo | AB100: : 심해파 파장(=1.56 × To2)
K101: ξ | L101: : surf similarity paramater (= tanθ/√(HI/Lo))
H103: 여기서, | L103: Fb | M103: : 방파제의 정수면상의 높이 | X103: = | Y103: h | Z103: - | AA103: d
L104: c | M104: : 경험계수 | S104: = | U104: 0.51 - 0.11 B/h
N105: 여기서, | R105: B | S105: : 방파제의 폭
R106: h | S106: : 방파제의 높이
L107: R | M107: : 파의 처오름높이
M108: * 처오름높이는 Ahrens(1988)이 제안한 식에의해 산정
B111: Rough Slope Run-up Coefficients(Source:smith,1986)
B112: Armor Material | S112: a | AA112: b | AI112: 비 고
B113: Riprap | S113: 0.956 | AA113: 0.398
B114: Rubble(Permeable-No Core) | S114: 0.692 | AA114: 0.504
B115: Rubble(2Layers-Permeable-No Core) | S115: 0.775 | AA115: 0.361
B116: Modified Cubes | S116: 0.95 | AA116: 0.69
B117: Tetrapods | S117: 1.01 | AA117: 0.91 | AI117: 적 용
B118: Quadripods | S118: 0.59 | AA118: 0.35
B119: Hexapods | S119: 0.82 | AA119: 0.63
B120: Tribars | S120: 1.81 | AA120: 1.57
B121: Doosse | S121: 0.988 | AA121: 0.703
D122: 자료 : | G122: A.C.E.S. Appendix-A , Table A-3
B123: 구 분 | J123: B | O123: Hi | U123: Lo | AB123: ξ | AH123: R
B124: 북측파제제 | J124: 8 | O124: =J27 -> 4 | U124: =1.56*'3.1.1 마루높이 결정(1)'!Q19^2 -> 206.31 | AB124: =$AH$99/(SQRT(O124/U124)) -> 4.811771 | AH124: =O124*($S$117*AB124)/(1+$AA$117*AB124) -> 3.6141657
B125: 남측파제제 | J125: 8 | O125: =J28 -> 4.7 | U125: =1.56*'3.1.1 마루높이 결정(1)'!Q20^2 -> 209.9136 | AB125: =$AH$99/(SQRT(O125/U125)) -> 4.477609 | AH125: =O125*($S$117*AB125)/(1+$AA$117*AB125) -> 4.1885289
B127: 구 분 | J127: 마루높이 (가정) | O127: h | S127: C | V127: d | Z127: Fb | AD127: Kto | AH127: 전달파고 | AL127: 허용파고
B128: 북측파제제 | J128: 6 | O128: =J128+ABS(AB27) -> 11.1 | S128: =ROUND(0.51-0.11*J124/O128,2) -> 0.43 | V128: =ABS(AB27)+U27 -> 8.955 | Z128: =O128-V128 -> 2.145 | AD128: =S128*(1-Z128/AH124) -> 0.17479587 | AH128: =AD128*$O$124 -> 0.69918348 | AL128: 0.7
B129: 남측파제제 | J129: 6.7 | O129: =J129+ABS(AB28) -> 17.2 | S129: =ROUND(0.51-0.11*J125/O129,2) -> 0.46 | V129: =ABS(AB28)+U28 -> 14.355 | Z129: =O129-V129 -> 2.845 | AD129: =S129*(1-Z129/AH125) -> 0.14755139 | AH129: =AD129*$O$125 -> 0.69349156
C131: (5) 인근 구조물 마루높이 | BG131: Kto
C132: - 북방파제 | M132: = | O132: 5.77 | V132: ~ | W132: 6 | BG132: =#REF!/#REF! -> #REF!
...

Sheet 3.1.2 쇄파대 검토
A1: 3.1.2 쇄파대 검토 | AR1: *지우지말것
A2: 1) SPM에 의한 쇄파대산정
B3: 가) 산정조건
B4: 구 간 | L4: ='3.1.1 마루높이 결정(1)'!I24 -> Aprox.H.H.W | R4: 구조물 축조 수심 (Aprox.H.H.W 기준) | AB4: 파랑조건 | BF4: 전면수심
AB5: 파 고 | AG5: 주 기 | AL5: 심해파장 | AV5: 구간 길이
B6: 북측파제제 | L6: ='3.1.1 마루높이 결정(1)'!P24 -> 3.356 | R6: =L6-BF6 -> 8.456 | AB6: ='3.1.1 마루높이 결정(2)'!J27 -> 4 | AG6: ='3.1.1 마루높이 결정(2)'!O27 -> 11.5 | AL6: =ROUND(1.56*AG6^2,2) -> 206.31 | AV6: 70 | AY6: m | BF6: ='3.1.1 마루높이 결정(2)'!AB27 -> -5.1
B7: 남측파제제 | L7: ='3.1.1 마루높이 결정(1)'!P24 -> 3.356 | R7: =L7-BF7 -> 13.856 | AB7: ='3.1.1 마루높이 결정(2)'!J28 -> 4.7 | AG7: ='3.1.1 마루높이 결정(2)'!O28 -> 11.6 | AL7: =ROUND(1.56*AG7^2,2) -> 209.91 | AV7: 20 | AY7: m | BF7: ='3.1.1 마루높이 결정(2)'!AB28 -> -10.5
AV8: 20 | AY8: m
AR9: 총길이 : | AV9: =SUM(AV6:AX8) -> 110 | AY9: m | BA9: =ROUND((#REF!*#REF!+AV6*BF6+AV7*BF7+AV8*BF8)/AV9,2) -> #REF!
B10: 나) 환산심해파고산정
B11: 구 간 | L11: 종 류 | P11: 해저경사(m) | V11: ds/Lo | AB11: H1/3/Ho' | AI11: 환산심해파고(Ho')
AR12: m(적용)
B13: 북측파제제 | L13: 경사제 | P13: =AR13 -> 0.02 | V13: =ROUND(R6/AL6,4) -> 0.041 | AB13: =IF(L13="혼성제",VLOOKUP(V13,'C-1(혼성제)'!$A$3:$B$732,2),IF(L13="경사제",VLOOKUP(V13,'C-1(경사제)'!$A$3:$B$732,2),"에러..")) -> 1.059 | AI13: =ROUND(AB6/AB13,2) -> 3.78 | AR13: =AW16 -> 0.02
B14: 남측파제제 | L14: 경사제 | P14: =AR14 -> 0.02 | V14: =ROUND(R7/AL7,4) -> 0.066 | AB14: =IF(L14="혼성제",VLOOKUP(V14,'C-1(혼성제)'!$A$3:$B$732,2),IF(L14="경사제",VLOOKUP(V14,'C-1(경사제)'!$A$3:$B$732,2),"에러..")) -> 0.9793 | AI14: =ROUND(AB7/AB14,2) -> 4.8 | AR14: =AW16 -> 0.02
AR15: =BA16 -> 0.033
B16: 다) 쇄파수심 산정 | AR16: 기준 경사m : | AW16: 0.02 | AZ16: , | BA16: 0.033 | BD16: , | BE16: 0.05 | BH16: , | BI16: 0.1
AV17: ( | AW17: 1/50 | AZ17: , | BA17: 1/30 | BD17: , | BE17: 1/20 | BH17: , | BI17: 1/10 | BL17: )
E34: Shore Protection Manual p.7-7, Figure 7-3참조
B36: 구 간 | L36: Ho'/gT2 | V36: Hb/Ho' | AF36: 쇄파수심(Hb)
B38: 북측파제제 | L38: =ROUND(ABS(AI13)/(9.81*AG6^2),4) -> 0.0029 | V38: =+VLOOKUP(L38,'C-1(경사제)'!$L$3:$P$111,IF(AR13=0.02,2,IF(AR13=0.033,3,IF(AR13=0.05,4,IF(AR13=0.1,5,6)))),0) -> 1.22 | AF38: =V38*AI13 -> 4.6116
B39: 남측파제제 | L39: =ROUND(ABS(AI14)/(9.81*AG7^2),4) -> 0.0036 | V39: =+VLOOKUP(L39,'C-1(경사제)'!$L$3:$P$111,IF(AR14=0.02,2,IF(AR14=0.033,3,IF(AR14=0.05,4,IF(AR14=0.1,5,6)))),0) -> 1.165 | AF39: =V39*AI14 -> 5.592
D69: Shore Protection Manual p.7-7, Figure 7-2참조
B71: 구 간 | K71: Hb/gT2 | S71: α | Y71: β | AE71: (db)max (α×Hb) | AK71: (db)min (β×Hb)
AR73: m
B74: 북측파제제 | K74: =ROUND(ABS(AF38)/(9.81*AG6^2),4) -> 0.0036 | S74: =+VLOOKUP(K74,'C-1(경사제)'!$R$4:$S$183,2) -> 1.515 | Y74: =+VLOOKUP(K74,'C-1(경사제)'!$R$4:$X$183,IF(AR74=0.01,3,IF(AR74=0.02,4,IF(AR74=0.033,5,IF(AR74=0.05,6,IF(AR74=0.1,7,8))))),0) -> 1.14 | AE74: =ABS(S74*AF38) -> 6.986574 | AK74: =ABS(Y74*AF38) -> 5.257224 | AR74: =P13 -> 0.02
B75: 남측파제제 | K75: =ROUND(ABS(AF39)/(9.81*AG7^2),4) -> 0.0042 | S75: =+VLOOKUP(K75,'C-1(경사제)'!$R$4:$S$183,2) -> 1.52 | Y75: =+VLOOKUP(K75,'C-1(경사제)'!$R$4:$X$183,IF(AR75=0.01,3,IF(AR75=0.02,4,IF(AR75=0.033,5,IF(AR75=0.05,6,IF(AR75=0.1,7,8))))),0) -> 1.15 | AE75: =ABS(S75*AF39) -> 8.49984 | AK75: =ABS(Y75*AF39) -> 6.4308 | AR75: =P14 -> 0.02
AR76: =P15 -> 0
B78: 라) 쇄파대 판정
B79: 구 간 | K79: 구조물 축조 수심 | S79: 쇄파대 구간 | AH79: 쇄파대 판정
B80: 북측파제제 | K80: =R6 -> 8.456 | S80: =AK74 -> 5.257224 | Z80: ∼ | AA80: =AE74 -> 6.986574 | AH80: =IF(AND(K80>=S80, K80<=AA80),"쇄파대","비쇄파대") -> 비쇄파대
B81: 남측파제제 | K81: =R7 -> 13.856 | S81: =AK75 -> 6.4308 | Z81: ∼ | AA81: =AE75 -> 8.49984 | AH81: =IF(AND(K81>=S81, K81<=AA81),"쇄파대","비쇄파대") -> 비쇄파대
A84: 2) 항만 및 어항 설계기준에 의한 방법
D108: 항만 및 어항설계기준 (유의파고 최댓값이 출현하는 수심의 산정도_Goda)
B109: 가) 쇄파수심 산정
B110: 구 간 | K110: 심해파장 Lo | P110: 환산심해파고 Ho' | V110: 해저경사 m | AA110: Ho'/Lo | AF110: (h1/3)peak/Ho' | AL110: 쇄파수심 (h1/3)peak
AR111: h/LO | AV111: H/H'O | AZ111: H'O | BE111: 20 | BF111: 50 | BG111: 100
B112: 북측파제제 | K112: =AL6 -> 206.31 | P112: =AZ112 -> 2.03 | V112: =P13 -> 0.02 | AA112: =P112/K112 -> 0.0098395618 | AF112: =AV112 -> 1.97 | AL112: =AF112*P112 -> 3.9991 | AR112: =R6/K112 -> 0.040986864 | AV112: =BF112 -> 1.97 | AZ112: =ROUND(AB6/AV112,2) -> 2.03 | BE112: 1.81 | BF112: =ROUND(BG112+(($BG$111-$BF$111)*(BE112-BG112)/($BG$111-$BE$111)),2) -> 1.97 | BG112: 2.24 | BI112: H/H'O
B113: 남측파제제 | K113: =AL7 -> 209.91 | P113: =AZ113 -> 2.11 | V113: =P14 -> 0.02 | AA113: =P113/K113 -> 0.010051927 | AF113: =AV113 -> 2.23 | AL113: =AF113*P113 -> 4.7053 | AR113: =R7/K113 -> 0.066009242 | AV113: =BF113 -> 2.23 | AZ113: =ROUND(AB7/AV113,2) -> 2.11 | BE113: 2.03 | BF113: =ROUND(BG113+(($BG$111-$BF$111)*(BE113-BG113)/($BG$111-$BE$111)),2) -> 2.23 | BG113: 2.57 | BI113: H/H'O
B115: 나) 쇄파대 판정
B116: 구 간 | K116: 구조물 축조 수심 | S116: 도표에 의한 방법 | AH116: 쇄파대 판정
B117: 북측파제제 | K117: =K80 -> 8.456 | S117: =AL112 -> 3.9991 | AH117: =IF(K117<=S117,"쇄파대","비쇄파대") -> 비쇄파대
B118: 남측파제제 | K118: =K81 -> 13.856 | S118: =AL113 -> 4.7053 | AH118: =IF(K118<=S118,"쇄파대","비쇄파대") -> 비쇄파대
A120: 3) 쇄파대 결정
B121: 구 간 | K121: 구조물 축조 수심 | Q121: 쇄파대 | AK121: 쇄파대 결정
Q122: S.P.M | AD122: 설계기준
B123: 북측파제제 | K123: =K117 -> 8.456 | Q123: =S80 -> 5.257224 | W123: ∼ | X123: =AA80 -> 6.986574 | AD123: =S117 -> 3.9991 | AK123: =IF(K123<=X123,"쇄파대","비쇄파대") -> 비쇄파대
B124: 남측파제제 | K124: =K118 -> 13.856 | Q124: =S81 -> 6.4308 | W124: ∼ | X124: =AA81 -> 8.49984 | AD124: =S118 -> 4.7053 | AK124: =IF(K124<=X124,"쇄파대","비쇄파대") -> 비쇄파대

Sheet 라. 1) 마. 1)~2)
A1: 라. 입경(d) 산정
A2: 1) 파랑에 의한 이동입경(d) 산정
C3: ○ 방파제 전면수심(h)에서 표층 이동한계 입경은 사또･다나까 계산도표에 의해 산정함.
C12: 고조위
B13: Ho' | D13: = | E13: =#REF! -> #REF! | I13: = | J13: =ROUND(E13/E14,3) -> #REF! | O13: h | Q13: = | R13: =19.7+0.66 -> 20.36 | V13: = | W13: =ROUND(R13/R14,3) -> #REF! | AB13: d | AD13: = | AE13: 2e-05 | AJ13: d | AL13: = | AM13: =AE13*E14*1000 -> #REF!
B14: Lo | E14: =#REF! -> #REF! | O14: Ho' | R14: =$E$13 -> #REF! | AB14: Lo
C16: 저조위
B17: Ho' | D17: = | E17: =#REF! -> #REF! | I17: = | J17: =ROUND(E17/E18,3) -> #REF! | O17: h | Q17: = | R17: 19.7 | V17: = | W17: =ROUND(R17/R18,3) -> #REF! | AB17: d | AD17: = | AE17: 2e-05 | AJ17: d | AL17: = | AM17: =AE17*E18*1000 -> #REF!
B18: Lo | E18: =#REF! -> #REF! | O18: Ho' | R18: =$E$17 -> #REF! | AB18: Lo
C21: ○ 방파제 전면수심(h)에서 완전 이동한계 입경은 사또･다나까 계산도표에 의해 산정함.
C30: 고조위시
B31: Ho' | D31: = | E31: =#REF! -> #REF! | I31: = | J31: =ROUND(E31/E32,3) -> #REF! | O31: h | Q31: = | R31: =R13 -> 20.36 | V31: = | W31: =ROUND(R31/R32,3) -> #REF! | AB31: d | AD31: = | AE31: 3.2e-06 | AJ31: d | AL31: = | AM31: =AE31*E32*1000 -> #REF!
B32: Lo | E32: =#REF! -> #REF! | O32: Ho' | R32: =$E$31 -> #REF! | AB32: Lo
C34: 저조위시
B35: Ho' | D35: = | E35: =#REF! -> #REF! | I35: = | J35: =ROUND(E35/E36,3) -> #REF! | O35: h | Q35: = | R35: =R17 -> 19.7 | V35: = | W35: =ROUND(R35/R36,3) -> #REF! | AB35: d | AD35: = | AE35: 3.2e-06 | AJ35: d | AL35: = | AM35: =AE35*E36*1000 -> #REF!
B36: Lo | E36: =#REF! -> #REF! | O36: Ho' | R36: =$E$35 -> #REF! | AB36: Lo
C39: ○ 흐름에 대한 안정 입경(d) 산정
C41: 고조위시
X42: = | Y42: =(PI()*T47*AB48^6)/(48*R49^3*AH50^6*(Z51-1)^3*(COS(RADIANS(AA52))-SIN(RADIANS(AA52)))^3) -> #REF!
AG43: d | AI43: = | AJ43: =(Y42*(3/4)/T47/PI())^(1/3)*2*1000 -> #REF!
E46: 여기서, | I46: M | K46: : | L46: 사석 등의 안정질량(tf)
I47: ργ | K47: : | L47: 사석 등의 밀도( | T47: 2.65 | Y47: )
I48: U | K48: : | L48: 사석 등의 상부에서의 물의 유속( | AB48: =AD86 -> #REF! | AE48: m/sec)
I49: g | K49: : | L49: 중력 가속도( | R49: 9.81
I50: y | K50: : | L50: Isbash의 정수(파묻힌 돌은 | Y50: 1.2 | AB50: , 노출된 돌은 | AH50: 0.86 | AK50: )
I51: Sγ | K51: : | L51: 사석 등의 물에 대한 비중(= | Z51: =T47/1.03 -> 2.5728155 | AD51: )
I52: θ | K52: : | L52: 수로상의 축방향의 사면의 경사( | AA52: 33.69
C54: 저조위시 | BA54: =(COS(RADIANS(AA52))-SIN(RADIANS(AA52)))^3 -> 0.021335
X55: = | Y55: =(PI()*T60*AB61^6)/(48*R62^3*AH63^6*(Z64-1)^3*(COS(RADIANS(AA65))-SIN(RADIANS(AA65)))^3) -> 0.00013564173
AG56: d | AI56: = | AJ56: =((Y55/T60/PI()/(4/3))^(1/3))*2*1000 -> 46.066259
E59: 여기서, | I59: M | K59: : | L59: 사석 등의 안정질량(tf)
I60: ργ | K60: : | L60: 사석 등의 밀도( | T60: 2.65 | Y60: )
I61: U | K61: : | L61: 사석 등의 상부에서의 물의 유속( | AB61: 0.54 | AE61: m/sec)
I62: g | K62: : | L62: 중력 가속도( | R62: 9.81
I63: y | K63: : | L63: Isbash의 정수(파묻힌 돌은 | Y63: 1.2 | AB63: , 노출된 돌은 | AH63: 0.86 | AK63: )
I64: Sγ | K64: : | L64: 사석 등의 물에 대한 비중(= | Z64: =T60/1.03 -> 2.5728155 | AD64: )
I65: θ | K65: : | L65: 수로상의 축방향의 사면의 경사( | AA65: 33.69
AG66: 항설 202페이지
E68: ① 유속산정
E69: - 방파제저면에서 파의 최대수립자 속도(항만 및 어항설계기준, p47)
E71: Umax | G71: = | H71: ( | I71: πH | K71: ) | L71: × | M71: ( | N71: cosh 2π(z+h)/L | T71: )
I72: T | N72: sinh 2πh/L
E73: Vmax | G73: = | H73: ( | I73: πH | K73: ) | L73: × | M73: ( | N73: sinh 2π(z+h)/L | T73: )
I74: T | N74: sinh 2πh/L
E76: 여기서, | I76: Umax | L76: : | N76: 수평수립자 최대속도(m/s)
I77: Vmax | L77: : | N77: 연직수립자 최대속도(m/s)
I78: H | L78: : | N78: 설계파 파고(m)
I79: T | L79: : | N79: 설계파 주기(sec)
I80: h | L80: : | N80: 방파제 전면수심(m)
I81: L | L81: : | N81: 수심 h에서의 파장(m)
I82: z | L82: : | N82: 세굴방지공 설치수심(m)
E84: - 수평수립자 최대속도
E85: H(m) | J85: T(sec) | O85: h(m) | T85: L(m) | Y85: z | AD85: Umax
E86: =#REF! -> #REF! | J86: =#REF! -> #REF! | O86: =R31 -> 20.36 | T86: =#REF! -> #REF! | Y86: =-O86+1.6 -> -18.76 | AD86: =ROUND((PI()*E86/J86)*(COSH(2*PI()*(Y86+O86)/T86))/(SINH(2*PI()*O86/T86)),2) -> #REF!
E88: - 연직수립자 최대속도
E89: H(m) | J89: T(sec) | O89: h(m) | T89: L(m) | Y89: z | AD89: Vmax
E90: =E86 -> #REF! | J90: =J86 -> #REF! | O90: =O86 -> 20.36 | T90: =T86 -> #REF! | Y90: =-O90+1.6 -> -18.76 | AD90: =ROUND((PI()*E90/J90)*(SINH(2*PI()*(Y90+O90)/T90))/(SINH(2*PI()*O90/T90)),2) -> #REF!
A93: 마. 세굴방지공 결정
A94: 1) 단면규모 결정
B95: 구 분 | N95: S.P.M에 의한 소단설치단면제원 | X95: 항만 및 어항설계기준 방파제단면제원(P139) | AH95: TTP설계와 시공기준서
B97: 소 요 두 께 | H97: 적 용 기 준 | N97: r ~ 2r | X97: 2r | AH97: 1.0m ~ 2.0m
N98: 0.8m ~ 1.60m | X98: 1.60m
B99: 소 요 소 단 폭 | H99: 적 용 기 준 | N99: 3H ~ 4.5H | X99: 최소 3.0m | AH99: 3.0m ~ 5.0m
N100: 25.5m ~ 38.25m
B101: 결 정 단 면 | H101: 소 요 두 께 | N101: 1.60m
H102: 소 단 폭 | N102: 5.0m
A104: 2) 세굴방지공 소요규격 산정
B105: 구 분 | J105: 파랑에 의한 방법 | AF105: 흐름 유속에 의한 입경
J106: 표층이동한계 입경 | U106: 완전이동 한계 입경 | AY106: 입경계산방법
B107: 고조위시 | J107: =AM13 -> #REF! | U107: =AM31 -> #REF! | AF107: =AJ43 -> #REF! | AY107: M = | BA107: ρ D3
B108: 저조위시 | J108: =AM17 -> #REF! | U108: =AM35 -> #REF! | AF108: =AJ56 -> 46.066259
B109: 적 용
A111: 3) 기존 구조물 세굴방지공 규격
B112: 구 분 | J112: 소단폭(m) | R112: 소요두께(m) | Z112: 입경(mm) | AH112: 비 고
B113: 고조위시 | J113: =N102 -> 5.0m | R113: 1.6 | Z113: =AF107 -> #REF!
B114: 저조위시 | J114: =N102 -> 5.0m | R114: 1.2 | Z114: 470
B116: 4) 설계적용
B117: ▸ 기존구조물의 세굴방지공이 모든 검토조건을 만족함으로 새로운 방지공 설치 불필요

Sheet 1.1.2 쇄파대 검토(저조위)
A1: 나. 저조위(L.L.W)
A2: 1) SPM에 의한 쇄파대산정
B3: 가) 산정조건 | BL3: *주의해야됨
B4: 구 간 | L4: L.L.W | R4: 구조물 축조 수심 (Aprox.L.L.W 기준) | AB4: 파랑조건 | BF4: 전면수심 | BL4: 전구역평균수심
AB5: 파 고 | AG5: 주 기 | AL5: 심해파장 | AV5: 구간 길이 | BM5: DL(-) | BP5: 3 | BS5: m
B6: ='3.1.2 쇄파대 검토'!#REF! -> #REF! | L6: ='3.1.1 마루높이 결정(1)'!P32 -> 0 | R6: =L6-BF6 -> #REF! | AB6: ='3.1.2 쇄파대 검토'!#REF! -> #REF! | AG6: ='3.1.2 쇄파대 검토'!#REF! -> #REF! | AL6: =ROUND(1.56*AG6^2,2) -> #REF! | AV6: 30 | AY6: m | BF6: =#REF! -> #REF!
B7: ='3.1.2 쇄파대 검토'!B6:K6 -> 북측파제제 | L7: =L6 -> 0 | R7: =L7-BF7 -> #REF! | AB7: ='3.1.2 쇄파대 검토'!AB6:AF6 -> 4 | AG7: ='3.1.2 쇄파대 검토'!AG6:AK6 -> 11.5 | AL7: =ROUND(1.56*AG7^2,2) -> 206.31 | AV7: 70 | AY7: m | BF7: =#REF! -> #REF!
B8: ='3.1.2 쇄파대 검토'!#REF! -> #REF! | L8: =L7 -> 0 | R8: =L8-BF8 -> #REF! | AB8: ='3.1.2 쇄파대 검토'!#REF! -> #REF! | AG8: ='3.1.2 쇄파대 검토'!#REF! -> #REF! | AL8: =ROUND(1.56*AG8^2,2) -> #REF! | BF8: =#REF! -> #REF!
B9: ='3.1.2 쇄파대 검토'!B7:K7 -> 남측파제제 | L9: =L6 -> 0 | R9: =L9-BF9 -> #REF! | AB9: ='3.1.2 쇄파대 검토'!AB7:AF7 -> 4.7 | AG9: ='3.1.2 쇄파대 검토'!AG7:AK7 -> 11.6 | AL9: =ROUND(1.56*AG9^2,2) -> 209.91 | AV9: 20 | AY9: m | BF9: =#REF! -> #REF!
AV10: 20 | AY10: m | BF10: =#REF! -> #REF!
AR11: 총길이 : | AV11: =SUM(AV6:AX10) -> 140 | AY11: m
B12: 나) 환산심해파고산정
B13: 구 간 | L13: 종 류 | P13: 해저경사(m) | V13: ds/Lo | AB13: H1/3/Ho' | AI13: 환산심해파고(Ho')
AR14: m(적용)
B15: =B6 -> #REF! | L15: 혼성제 | P15: =AR15 -> 0.02 | V15: =ROUND(R6/AL6,4) -> #REF! | AB15: =IF(L15="혼성제",VLOOKUP(V15,'C-1(혼성제)'!$A$3:$B$732,2),IF(L15="경사제",VLOOKUP(V15,'C-1(경사제)'!$A$3:$B$732,2),"에러..")) -> #REF! | AI15: =ROUND(AB6/AB15,2) -> #REF! | AR15: =AW20 -> 0.02
B16: =B7 -> 북측파제제 | L16: =L15 -> 혼성제 | P16: =AR16 -> 0.02 | V16: =ROUND(R7/AL7,4) -> #REF! | AB16: =IF(L16="혼성제",VLOOKUP(V16,'C-1(혼성제)'!$A$3:$B$732,2),IF(L16="경사제",VLOOKUP(V16,'C-1(경사제)'!$A$3:$B$732,2),"에러..")) -> #REF! | AI16: =ROUND(AB7/AB16,2) -> #REF! | AR16: =AW20 -> 0.02
B17: =B8 -> #REF! | L17: =L16 -> 혼성제 | P17: =AR17 -> 0.02 | V17: =ROUND(R8/AL8,4) -> #REF! | AB17: =IF(L17="혼성제",VLOOKUP(V17,'C-1(혼성제)'!$A$3:$B$732,2),IF(L17="경사제",VLOOKUP(V17,'C-1(경사제)'!$A$3:$B$732,2),"에러..")) -> #REF! | AI17: =ROUND(AB8/AB17,2) -> #REF! | AR17: =AW20 -> 0.02
B18: =B9 -> 남측파제제 | L18: =L17 -> 혼성제 | P18: =AR18 -> 0.02 | V18: =ROUND(R9/AL9,4) -> #REF! | AB18: =IF(L18="혼성제",VLOOKUP(V18,'C-1(혼성제)'!$A$3:$B$732,2),IF(L18="경사제",VLOOKUP(V18,'C-1(경사제)'!$A$3:$B$732,2),"에러..")) -> #REF! | AI18: =ROUND(AB9/AB18,2) -> #REF! | AR18: =AW20 -> 0.02
AR19: =BA20 -> 0.033
B20: 다) 쇄파수심 산정 | AR20: 기준 경사m : | AW20: 0.02 | AZ20: , | BA20: 0.033 | BD20: , | BE20: 0.05 | BH20: , | BI20: 0.1
AV21: ( | AW21: 1/50 | AZ21: , | BA21: 1/30 | BD21: , | BE21: 1/20 | BH21: , | BI21: 1/10 | BL21: )
E37: Shore Protection Manual p.7-7, Figure 7-3참조
B39: 구 간 | L39: Ho'/gT2 | V39: Hb/Ho' | AF39: 쇄파수심(Hb)
B41: =B15 -> #REF! | L41: =ROUND(ABS(AI15)/(9.81*AG6^2),4) -> #REF! | V41: =+VLOOKUP(L41,'C-1(경사제)'!$L$3:$P$111,IF(AR16=0.02,2,IF(AR16=0.033,3,IF(AR16=0.05,4,IF(AR16=0.1,5,6)))),0) -> #REF! | AF41: =V41*AI15 -> #REF!
B42: =B16 -> 북측파제제 | L42: =ROUND(ABS(AI16)/(9.81*AG7^2),4) -> #REF! | V42: =+VLOOKUP(L42,'C-1(경사제)'!$L$3:$P$111,IF(AR17=0.02,2,IF(AR17=0.033,3,IF(AR17=0.05,4,IF(AR17=0.1,5,6)))),0) -> #REF! | AF42: =V42*AI16 -> #REF!
B43: =B17 -> #REF! | L43: =ROUND(ABS(AI17)/(9.81*AG8^2),4) -> #REF! | V43: =+VLOOKUP(L43,'C-1(경사제)'!$L$3:$P$111,IF(AR18=0.02,2,IF(AR18=0.033,3,IF(AR18=0.05,4,IF(AR18=0.1,5,6)))),0) -> #REF! | AF43: =V43*AI17 -> #REF!
B44: =B18 -> 남측파제제 | L44: =ROUND(ABS(AI18)/(9.81*AG9^2),4) -> #REF! | V44: =+VLOOKUP(L44,'C-1(경사제)'!$L$3:$P$111,IF(AR19=0.02,2,IF(AR19=0.033,3,IF(AR19=0.05,4,IF(AR19=0.1,5,6)))),0) -> #REF! | AF44: =V44*AI18 -> #REF!
D73: Shore Protection Manual p.7-7, Figure 7-2참조
B75: 구 간 | K75: Hb/gT2 | S75: α | Y75: β | AE75: (db)max (α×Hb) | AK75: (db)min (β×Hb)
AR77: m
B78: =B41 -> #REF! | K78: =ROUND(ABS(AF41)/(9.81*AG6^2),4) -> #REF! | S78: =+VLOOKUP(K78,'C-1(경사제)'!$R$4:$S$183,2) -> #REF! | Y78: =+VLOOKUP(K78,'C-1(경사제)'!$R$4:$X$183,IF(AR78=0.01,3,IF(AR78=0.02,4,IF(AR78=0.033,5,IF(AR78=0.05,6,IF(AR78=0.1,7,8))))),0) -> #REF! | AE78: =ABS(S78*AF41) -> #REF! | AK78: =ABS(Y78*AF41) -> #REF! | AR78: =P15 -> 0.02
B79: =B42 -> 북측파제제 | K79: =ROUND(ABS(AF42)/(9.81*AG7^2),4) -> #REF! | S79: =+VLOOKUP(K79,'C-1(경사제)'!$R$4:$S$183,2) -> #REF! | Y79: =+VLOOKUP(K79,'C-1(경사제)'!$R$4:$X$183,IF(AR79=0.01,3,IF(AR79=0.02,4,IF(AR79=0.033,5,IF(AR79=0.05,6,IF(AR79=0.1,7,8))))),0) -> #REF! | AE79: =ABS(S79*AF42) -> #REF! | AK79: =ABS(Y79*AF42) -> #REF! | AR79: =P16 -> 0.02
B80: =B43 -> #REF! | K80: =ROUND(ABS(AF43)/(9.81*AG8^2),4) -> #REF! | S80: =+VLOOKUP(K80,'C-1(경사제)'!$R$4:$S$183,2) -> #REF! | Y80: =+VLOOKUP(K80,'C-1(경사제)'!$R$4:$X$183,IF(AR80=0.01,3,IF(AR80=0.02,4,IF(AR80=0.033,5,IF(AR80=0.05,6,IF(AR80=0.1,7,8))))),0) -> #REF! | AE80: =ABS(S80*AF43) -> #REF! | AK80: =ABS(Y80*AF43) -> #REF! | AR80: =P17 -> 0.02
B81: =B44 -> 남측파제제 | K81: =ROUND(ABS(AF44)/(9.81*AG9^2),4) -> #REF! | S81: =+VLOOKUP(K81,'C-1(경사제)'!$R$4:$S$183,2) -> #REF! | Y81: =+VLOOKUP(K81,'C-1(경사제)'!$R$4:$X$183,IF(AR81=0.01,3,IF(AR81=0.02,4,IF(AR81=0.033,5,IF(AR81=0.05,6,IF(AR81=0.1,7,8))))),0) -> #REF! | AE81: =ABS(S81*AF44) -> #REF! | AK81: =ABS(Y81*AF44) -> #REF! | AR81: =P18 -> 0.02
AR82: =P19 -> 0
B84: 라) 쇄파대 판정
B85: 구 간 | K85: 구조물 축조 수심 | S85: 쇄파대 구간 | AH85: 쇄파대 판정
B86: =B78 -> #REF! | K86: =R6 -> #REF! | S86: =AK78 -> #REF! | Z86: ∼ | AA86: =AE78 -> #REF! | AH86: =IF(AND(K86>=S86, K86<=AA86),"쇄파대","비쇄파대") -> #REF!
B87: =B79 -> 북측파제제 | K87: =R7 -> #REF! | S87: =AK79 -> #REF! | Z87: ∼ | AA87: =AE79 -> #REF! | AH87: =IF(AND(K87>=S87, K87<=AA87),"쇄파대","비쇄파대") -> #REF!
B88: =B80 -> #REF! | K88: =R8 -> #REF! | S88: =AK80 -> #REF! | Z88: ∼ | AA88: =AE80 -> #REF! | AH88: =IF(AND(K88>=S88, K88<=AA88),"쇄파대","비쇄파대") -> #REF!
B89: =B81 -> 남측파제제 | K89: =R9 -> #REF! | S89: =AK81 -> #REF! | Z89: ∼ | AA89: =AE81 -> #REF! | AH89: =IF(AND(K89>=S89, K89<=AA89),"쇄파대","비쇄파대") -> #REF!
A92: 2) 항만 및 어항 설계기준에 의한 방법
B93: 가) 쇄파수심 산정
B94: 구 간 | K94: 심해파장 Lo | P94: 환산심해파고 Ho' | V94: 해저경사 m | AA94: Ho'/Lo | AF94: (h1/3)peak/Ho' | AL94: 쇄파수심 (h1/3)peak
AR95: h/LO | AV95: H/H'O | AZ95: H'O | BE95: 20 | BF95: 30 | BG95: 100
B96: =B86 -> #REF! | K96: =AL6 -> #REF! | P96: =AZ96 -> #REF! | V96: =P15 -> 0.02 | AA96: =P96/K96 -> #REF! | AF96: 2.6 | AL96: =AF96*P96 -> #REF! | AR96: =R6/K96 -> #REF! | AV96: =BF96 -> 2.93 | AZ96: =ROUND(AB6/AV96,2) -> #REF! | BE96: 2.95 | BF96: =ROUND(BG96+(($BG$95-$BF$95)*(BE96-BG96)/($BG$95-$BE$95)),2) -> 2.93 | BG96: 2.77 | BI96: H/H'O
B97: =B87 -> 북측파제제 | K97: =AL7 -> 206.31 | P97: =AZ97 -> 1.72 | V97: =P16 -> 0.02 | AA97: =P97/K97 -> 0.0083369686 | AF97: 2.1 | AL97: =AF97*P97 -> 3.612 | AR97: =R7/K97 -> #REF! | AV97: =BF97 -> 2.32 | AZ97: =ROUND(AB7/AV97,2) -> 1.72 | BE97: 2.33 | BF97: =ROUND(BG97+(($BG$95-$BF$95)*(BE97-BG97)/($BG$95-$BE$95)),2) -> 2.32 | BG97: 2.23 | BI97: H/H'O
B98: =B88 -> #REF! | K98: =AL8 -> #REF! | P98: =AZ98 -> #REF! | V98: =P17 -> 0.02 | AA98: =P98/K98 -> #REF! | AF98: 2 | AL98: =AF98*P98 -> #REF! | AR98: =R8/K98 -> #REF! | AV98: =BF98 -> 2.32 | AZ98: =ROUND(AB8/AV98,2) -> #REF! | BE98: 2.33 | BF98: =ROUND(BG98+(($BG$95-$BF$95)*(BE98-BG98)/($BG$95-$BE$95)),2) -> 2.32 | BG98: 2.23 | BI98: H/H'O
B99: =B89 -> 남측파제제 | K99: =AL9 -> 209.91 | P99: =AZ99 -> 2.63 | V99: =P18 -> 0.02 | AA99: =P99/K99 -> 0.012529179 | AF99: 2.05 | AL99: =AF99*P99 -> 5.3915 | AR99: =R9/K99 -> #REF! | AV99: =BF99 -> 1.79 | AZ99: =ROUND(AB9/AV99,2) -> 2.63 | BE99: 1.8 | BF99: =ROUND(BG99+(($BG$95-$BF$95)*(BE99-BG99)/($BG$95-$BE$95)),2) -> 1.79 | BG99: 1.72 | BI99: H/H'O
AR100: =R10/K100 -> #DIV/0! | AV100: =BF100 -> 1.72 | AZ100: =ROUND(AB10/AV100,2) -> 0 | BE100: 1.73 | BF100: =ROUND(BG100+(($BG$95-$BF$95)*(BE100-BG100)/($BG$95-$BE$95)),2) -> 1.72 | BG100: 1.66 | BI100: H/H'O
B102: 나) 쇄파대 판정
B103: 구 간 | K103: 구조물 축조 수심 | S103: 도표에 의한 방법 | AH103: 쇄파대 판정
B104: =B96 -> #REF! | K104: =K86 -> #REF! | S104: =AL96 -> #REF! | AH104: =IF(K104<=S104,"쇄파대","비쇄파대") -> #REF!
B105: =B97 -> 북측파제제 | K105: =K87 -> #REF! | S105: =AL97 -> 3.612 | AH105: =IF(K105<=S105,"쇄파대","비쇄파대") -> #REF!
B106: =B98 -> #REF! | K106: =K88 -> #REF! | S106: =AL98 -> #REF! | AH106: =IF(K106<=S106,"쇄파대","비쇄파대") -> #REF!
B107: =B99 -> 남측파제제 | K107: =K89 -> #REF! | S107: =AL99 -> 5.3915 | AH107: =IF(K107<=S107,"쇄파대","비쇄파대") -> #REF!
A109: 3) 쇄파대 결정(L.L.W)
B110: 구 간 | K110: 구조물 축조 수심 | Q110: 쇄파대 | AK110: 쇄파대 결정
Q111: S.P.M | AD111: 설계기준
B112: =B104 -> #REF! | K112: =K104 -> #REF! | Q112: =S86 -> #REF! | W112: ∼ | X112: =AA86 -> #REF! | AD112: =S104 -> #REF! | AK112: =IF(K112<=X112,"쇄파대","비쇄파대") -> #REF!
B113: =B105 -> 북측파제제 | K113: =K105 -> #REF! | Q113: =S87 -> #REF! | W113: ∼ | X113: =AA87 -> #REF! | AD113: =S105 -> 3.612 | AK113: =IF(K113<=X113,"쇄파대","비쇄파대") -> #REF!
B114: =B106 -> #REF! | K114: =K106 -> #REF! | Q114: =S88 -> #REF! | W114: ∼ | X114: =AA88 -> #REF! | AD114: =S106 -> #REF! | AK114: =IF(K114<=X114,"쇄파대","비쇄파대") -> #REF!
B115: =B107 -> 남측파제제 | K115: =K107 -> #REF! | Q115: =S89 -> #REF! | W115: ∼ | X115: =AA89 -> #REF! | AD115: =S107 -> 5.3915 | AK115: =IF(K115<=X115,"쇄파대","비쇄파대") -> #REF!

Sheet 3.1.3 피복재 소요중량
A1: 3.1.3 피복재 소요중량
A2: 1) 설계 제원 (H1/3, T1/3)
B3: 구 분 | I3: 파 고 (H1/3, m) | O3: 주 기 (T1/3, Sec) | U3: 약최고고조위 (Aprox.H.H.W) | AB3: 전면수심(m) | AH3: 비 고
B4: 북측파제제 | I4: ='3.1.1 마루높이 결정(1)'!L19 -> 4 | O4: ='3.1.1 마루높이 결정(1)'!Q19 -> 11.5 | U4: ='3.1.1 마루높이 결정(1)'!P24 -> 3.356 | AB4: ='3.1.1 마루높이 결정(2)'!AB27 -> -5.1
B5: 남측파제제 | I5: ='3.1.1 마루높이 결정(1)'!L20 -> 4.7 | O5: ='3.1.1 마루높이 결정(1)'!Q20 -> 11.6 | U5: =U4 -> 3.356 | AB5: ='3.1.1 마루높이 결정(2)'!AB28 -> -10.5
A7: 2) 피복재 소요질량 검토 방법
B8: 구 분 | L8: 산 정 방 법 | AA8: 비 고
B9: 허드슨 공식 | L9: Ns3 = KD·cotα
B10: Van Der Meer 공식 | L10: Ns = max(Nspl, Nssr)
B11: 다까하시·요시아 공식 | L11: Ns = CH{a(N0/N0.5)0.2+b}
A13: 3) 피복재 소요질량 검토 결과
B14: 구 분 | L14: 산 정 결 과 | AE14: 비 고
L15: 북측(100년) | V15: 남측(100년)
B16: 허드슨 공식 | L16: =AB56 -> 8 | V16: =AB59 -> 12.5 | AE16: T.T.P 적용시 (ton)
B17: Van Der Meer 공식 | L17: =AC90 -> 12.5 | V17: =AC98 -> 20
B18: 다까하시·요시아 공식 | L18: =AC140 -> 10 | V18: =AC148 -> 16
B19: 중간 피복재 | L19: =(L17/10)/2.65 -> 0.47169811 | V19: =(V17/10)/2.65 -> 0.75471698 | AE19: 외측 피복재 소요 중량의 1/10~1/15
A22: 나. 피복재 소요질량 산정
A23: 1) 허드슨 공식 (KDS 64 10 10, p.93 참조)
B24: ○ | C24: 파력을 받는 사면의 표면에 피복하는 사석 또는 블록의 안정질량
C25: 여기서, | I25: KD | J25: : 피복재 또는 피해율 등에 의해 결정되는 계수
I26: α | J26: : 사면의 경사각
B31: ○ | C31: 피복재 중량을 결정하기 위한 KD값
B32: 피 복 재 | N32: n | Q32: 거 치 | U32: 안정계수 KD | AG32: 비 고
U33: 쇄 파 | Z33: 비쇄파 | AD33: 경 사
B34: 매끈하고 둥근사석 | N34: 2 | Q34: 난적 | U34: 1.2 | Z34: 2.4 | AD34: 1.5~3.0
N35: 3 | Q35: =Q34 -> 난적 | U35: 1.6 | Z35: 3.2 | AD35: 〃
B36: 거칠고 모가 있는 돌 | AD36: 1.5
N37: 2 | Q37: 난적 | U37: 2 | Z37: 4 | AD37: 2
AD38: 3
N39: 3 | U39: 2.2 | Z39: 4.5
B40: 거칠고 모가 있는 돌 | N40: 2 | Q40: 특별한 것 | U40: 5.8 | Z40: 7
B41: 평면육면체 돌 | N41: 2 | Q41: =Q40 -> 특별한 것 | U41: 7.0~20.0 | Z41: 8.5~24.0
B42: 테트라포드(Tetrapod) 퀘드리포드(Quadripod) | N42: 2 | Q42: 난적 | U42: 7 | Z42: 8 | AD42: 1.5 2.0 3.0
B44: 트라이바(Tribar) | Q44: 난적 | AD44: 1.5
N45: 2 | U45: 9 | Z45: 10 | AD45: 2
AD46: 3
B47: 돌로스(Dolos) | N47: 2 | Q47: 난적 | U47: 15.8 | Z47: 31.8 | AD47: 2.0 3.0
B48: 모디파이드큐브 | N48: 2 | Q48: 난적 | U48: 6.5 | Z48: 7.5
B49: 헥사포드(Hexapod) | N49: 2 | U49: 8 | Z49: 9.5
B50: 토스케인(Toskane) | N50: 1 | U50: 11 | Z50: 22
B51: 트라이바(Tribar) | N51: 1 | Q51: 정적 | U51: 12 | Z51: 15
B54: ○ | C54: 피복재 질량산정 | AB54: ( | AC54: 북측파제제 | AJ54: ) | AP54: TTP | AQ54: 0.5 | AR54: 1 | AS54: 2 | AT54: 3.2 | AU54: 4 | AV54: 5 | AW54: 6.3 | AX54: 8 | AY54: 10 | AZ54: 12.5 | BA54: 16 | BB54: 20 | BC54: 25 | BD54: 32 | BE54: 40 | BF54: 50 | BG54: 64 | BH54: 72 | BI54: 80
B55: ρr(kN/㎥) | G55: H⅓(m) | K55: KD | O55: Sr | T55: cotα | X55: M (kN) | AB55: T.T.P규격 | AH55: 비 고 | AP55: 실중량 | AQ55: 0.46 | AR55: 0.92 | AS55: 1.84 | AT55: 2.88 | AU55: 3.68 | AV55: 4.6 | AW55: 5.75 | AX55: 7.36 | AY55: 9.2 | AZ55: 11.5 | BA55: 14.49 | BB55: 18.4 | BC55: 23 | BD55: 28.75 | BE55: 36.8 | BF55: 46 | BG55: 58.88 | BH55: 66.25 | BI55: 80.5
B56: 22.56 | G56: =I4 -> 4 | K56: =Z42 -> 8 | O56: =ROUND(B56/10.1,3) -> 2.234 | T56: 1.5 | X56: =(B56*G56^3/(K56*T56*(O56-1)^3)) -> 64.031304 | AB56: =AX54 -> 8 | AM56: =X56/9.81 -> 6.5271461 | AP56: k N | AQ56: =AQ55*9.81 -> 4.5126 | AR56: =AR55*9.81 -> 9.0252 | AS56: =AS55*9.81 -> 18.0504 | AT56: =AT55*9.81 -> 28.2528 | AU56: =AU55*9.81 -> 36.1008 | AV56: =AV55*9.81 -> 45.126 | AW56: =AW55*9.81 -> 56.4075 | AX56: =AX55*9.81 -> 72.2016 | ... BI56: =BI55*9.81 -> 789.705
B57: ○ | C57: 피복재 질량산정 | AB57: ( | AC57: 남측파제제 | AJ57: )
B58: ρr(kN/㎥) | G58: H⅓(m) | K58: KD | O58: Sr | T58: cotα | X58: M (kN) | AB58: T.T.P규격 | AH58: 비 고
B59: 22.56 | G59: =I5 -> 4.7 | K59: =Z42 -> 8 | O59: =ROUND(B59/10.1,3) -> 2.234 | T59: 1.5 | X59: =(B59*G59^3/(K59*T59*(O59-1)^3)) -> 103.87378 | AB59: =AZ54 -> 12.5 | AM59: =X59/9.81 -> 10.588561
A61: 2) Van der Meer 공식 (KDS 64 10 10, p.166 참조)
B62: ○ | C62: 마루높이가 높은 경사제의 사면 피복재에 파형구배나 파의수 , 피해의 정도를 고려함
B63: ○ | C63: 안정계수
F65: NS = max(Nspl, Nssr)
F66: Nspl = 6.2CHP0.18(S0.2/N0.1)Ir-0.5
F67: Nssr = CHP-0.13(S0.2/N0.1)(cotα)0.5IrP
G68: 여기서, | L68: Nspl | M68: : 쇄파(Plunging Breakers)에 대한 안정계수
L69: Nssr | M69: : 쇄기파(Surging Breakers)에 대한 안정계수
L70: Ir | M70: : 이리바렌수(Iribaren Number) (tanα/Som0.5)
L71: α | M71: : 사면이 수평면과 이루는 각
L72: Som | M72: : 파형구배(H⅓/Lo) | AM72: 비쇄파 | AN72: : | AO72: 1
L73: CH | M73: : 쇄파효과계수 (1.4/(H1/20/H1/3) | Y73: , | Z73: 비쇄파 영역에서는 1.0 | AM73: 쇄파 | AN73: : | AO73: 0.97
L74: Lo | M74: :심해파장 (Lo = gT2 /2π, g= 9.81 m/sec2 )
J75: H1/20 | M75: : 1/20 최대파고
J76: H1/3 | M76: : 1/3 유의파고
L77: P | M77: : 피복층 하부의 투수지수 (항·설 p142 도참 5-11)
L78: S | M78: : 변형정도 (S=A/Dn502) (항·설 p143 표참 5-1)
L79: A | M79: : 침식부의 면적
L80: N | M80: : 작용하는 파의 수
AB83: ( | AC83: =AC54 -> 북측파제제 | AJ83: )
B84: H⅓ | I84: Lo | N84: Som | S84: Ir | X84: CH | AC84: P | AH84: 비 고 | AP84: TTP | AQ84: 0.5 | AR84: 1 | AS84: 2 | AT84: 3.2 | AU84: 4 | AV84: 5 | AW84: 6.3 | AX84: 8 | AY84: 10 | AZ84: 12.5 | BA84: 16 | BB84: 20 | BC84: 25 | BD84: 32 | BE84: 40 | BF84: 50 | BG84: 64 | BH84: 72 | BI84: 80
B85: =I4 -> 4 | I85: ='3.1.2 쇄파대 검토'!AL6 -> 206.31 | N85: =ROUND(B85/I85,5) -> 0.01939 | S85: =ROUND(1/1.5/N85^0.5,3) -> 4.788 | X85: =AO72 -> 1 | AC85: 0.5 | AP85: 실중량 | AQ85: 0.46 | AR85: 0.92 | AS85: 1.84 | AT85: 2.88 | AU85: 3.68 | AV85: 4.6 | AW85: 5.75 | AX85: 7.36 | AY85: 9.2 | AZ85: 11.5 | BA85: 14.49 | BB85: 18.4 | BC85: 23 | BD85: 28.75 | BE85: 36.8 | BF85: 46 | BG85: 58.88 | BH85: 66.25 | BI85: 80.5
B86: S | I86: N | N86: cotα | S86: Nspl | X86: Nssr | AC86: Ns | AH86: 비 고 | AP86: k N | AQ86: =AQ85*9.81 -> 4.5126 | AR86: =AR85*9.81 -> 9.0252 | AS86: =AS85*9.81 -> 18.0504 | AT86: =AT85*9.81 -> 28.2528 | AU86: =AU85*9.81 -> 36.1008 | AV86: =AV85*9.81 -> 45.126 | AW86: =AW85*9.81 -> 56.4075 | AX86: =AX85*9.81 -> 72.2016 | ... BI86: =BI85*9.81 -> 789.705
B87: 5 | I87: 1000 | N87: 1.5 | S87: =ROUND(6.2*X85*AC85^0.18*(B87^0.2/I87^0.1)*S85^-0.5,4) -> 1.7295 | X87: =ROUND(X85*AC85^-0.13*(B87^0.2/I87^0.1)*N87^0.5*S85^AC85,4) -> 2.0279 | AC87: =MAX(S87:AB87) -> 2.0279
B89: ρr(kN/㎥) | I89: H⅓(m) | N89: Ns | S89: Sr | X89: M (kN) | AC89: T.T.P규격 | AH89: 비 고
B90: 22.56 | I90: =B85 -> 4 | N90: =AC87 -> 2.0279 | S90: =ROUND(B90/10.1,3) -> 2.234 | X90: =(B90*I90^3/(N90^3*(S90-1)^3)) -> 92.136982 | AC90: =AZ84 -> 12.5 | AM90: =X90/9.81 -> 9.3921491
AB91: ( | AC91: =AC57 -> 남측파제제 | AJ91: )
B92: H⅓ | I92: Lo | N92: Som | S92: Ir | X92: CH | AC92: P | AH92: 비 고
B93: =I5 -> 4.7 | I93: ='3.1.2 쇄파대 검토'!AL7 -> 209.91 | N93: =ROUND(B93/I93,5) -> 0.02239 | S93: =ROUND(1/1.5/N93^0.5,3) -> 4.455 | X93: =AO72 -> 1 | AC93: 0.5
B94: S | I94: N | N94: cotα | S94: Nspl | X94: Nssr | AC94: Ns | AH94: 비 고
B95: 5 | I95: 1000 | N95: 1.5 | S95: =ROUND(6.2*X93*AC93^0.18*(B95^0.2/I95^0.1)*S93^-0.5,4) -> 1.793 | X95: =ROUND(X93*AC93^-0.13*(B95^0.2/I95^0.1)*N95^0.5*S93^AC93,4) -> 1.9561 | AC95: =MAX(S95:AB95) -> 1.9561
B97: =B89 -> ρr(kN/㎥) | I97: H⅓(m) | N97: Ns | S97: Sr | X97: M (kN) | AC97: T.T.P규격 | AH97: 비 고
B98: =B90 -> 22.56 | I98: =B93 -> 4.7 | N98: =AC95 -> 1.9561 | S98: =ROUND(B98/10.1,3) -> 2.234 | X98: =(B98*I98^3/(N98^3*(S98-1)^3)) -> 166.53826 | AC98: =BB84 -> 20 | AM98: =X98/9.81 -> 16.976377
B100: ○ | C100: 2층 피복의 경우에 있어서 각 단계의 피재에 대한 변형정도, S
Z113: 투수지수 P
C119: H1/20과 H1/3의 비(H1/20은 5H1/3 외해측의 값) | Y119: 침식부의 면적A
A121: 3) 다까하시·요시아 공식 (KDS 64 10 10, p.168 참조)
B122: ○ | C122: 안정계수
C123: NS = CH{a(N0/N0.5)0.2+b}
F124: 여기서, | I124: N0 | J124: : 피해도(피해정도를 나타내는 피해율의 하나로 방파제 법선방향의 폭
J125: Dn 범위내에서 이동한 블록의 개수, Dn은 블록의 대표직경)
I126: CH | J126: : 쇄파효과계수 (1.4/(H1/20/H1/3)
J127: 비쇄파 영역에서는 1.0
I128: a,b | J128: : 블록의 형상이나 사면구배 등에 의한 계수
J129: KD 값이 8.3의 이형블록 | S129: cotα=4/3 인 경우, | AA129: a = | AC129: 2.32 | AF129: b = | AH129: 1.33
S130: cotα=1.5 인 경우, | AA130: a = | AC130: 2.32 | AF130: b = | AH130: 1.42
C132: 주) 비파괴 영역으로 파수 N가 1000파 피해도 N0가 0.3인 경우에 대략 종래의 KD값에 의한 설
C133: 계질량과 같다. 이때 피해도 N0=0.3은 보통 피해율로 나타내면 대략 1%정도이다.
AB135: ( | AC135: 북측파제제 | AJ135: )
B136: CH | I136: N0 | N136: N | S136: a | X136: b | AC136: Ns | AP136: TTP | AQ136: 0.5 | AR136: 1 | AS136: 2 | AT136: 3.2 | AU136: 4 | AV136: 5 | AW136: 6.3 | AX136: 8 | AY136: 10 | AZ136: 12.5 | BA136: 16 | BB136: 20 | BC136: 25 | BD136: 32 | BE136: 40 | BF136: 50 | BG136: 64 | BH136: 72 | BI136: 80
B137: =AO73 -> 0.97 | I137: 0.3 | N137: 1000 | S137: =AC130 -> 2.32 | X137: =AH130 -> 1.42 | AC137: =ROUND(B137*(S137*(I137/N137^0.5)^0.2+X137),2) -> 2.26 | AP137: 실중량 | AQ137: 0.46 | AR137: 0.92 | AS137: 1.84 | AT137: 2.88 | AU137: 3.68 | AV137: 4.6 | AW137: 5.75 | AX137: 7.36 | AY137: 9.2 | AZ137: 11.5 | BA137: 14.49 | BB137: 18.4 | BC137: 23 | BD137: 28.75 | BE137: 36.8 | BF137: 46 | BG137: 58.88 | BH137: 66.25 | BI137: 80.5
AP138: k N | AQ138: =AQ137*9.81 -> 4.5126 | AR138: =AR137*9.81 -> 9.0252 | AS138: =AS137*9.81 -> 18.0504 | AT138: =AT137*9.81 -> 28.2528 | AU138: =AU137*9.81 -> 36.1008 | AV138: =AV137*9.81 -> 45.126 | AW138: =AW137*9.81 -> 56.4075 | AX138: =AX137*9.81 -> 72.2016 | ... BI138: =BI137*9.81 -> 789.705
...

Sheet 마),바)
A1: 마. 입경(d) 산정
A2: 1) 파랑에 의한 이동입경(d) 산정
C3: 가) 방파제 전면수심(h)에서 표층 이동한계 입경은 사또･다나까 계산도표에 의해 산정함.
B13: - 접속부
B14: Ho' | D14: = | E14: =#REF! -> #REF! | I14: = | J14: =ROUND(E14/E15,4) -> #REF! | O14: h | Q14: = | R14: =#REF! -> #REF! | V14: = | W14: =ROUND(R14/R15,2) -> #REF! | AB14: d | AD14: = | AE14: 8.7e-05 | AJ14: d | AL14: = | AM14: =ROUND(AE14*E15*1000,2) -> #REF!
B15: Lo | E15: =#REF! -> #REF! | O15: Ho' | R15: =$E$14 -> #REF! | AB15: Lo
B17: - 제간부 A
B18: Ho' | D18: = | E18: =#REF! -> #REF! | I18: = | J18: =ROUND(E18/E19,4) -> #REF! | O18: h | Q18: = | R18: =#REF! -> #REF! | V18: = | W18: =ROUND(R18/R19,2) -> #REF! | AB18: d | AD18: = | AE18: 1.5e-05 | AJ18: d | AL18: = | AM18: =ROUND(AE18*E19*1000,2) -> #REF!
B19: Lo | E19: =#REF! -> #REF! | O19: Ho' | R19: =$E$18 -> #REF! | AB19: Lo
B21: - 제간부 B
B22: Ho' | D22: = | E22: =#REF! -> #REF! | I22: = | J22: =ROUND(E22/E23,4) -> #REF! | O22: h | Q22: = | R22: =#REF! -> #REF! | V22: = | W22: =ROUND(R22/R23,2) -> #REF! | AB22: d | AD22: = | AE22: 5.7e-06 | AJ22: d | AL22: = | AM22: =ROUND(AE22*E23*1000,2) -> #REF!
B23: Lo | E23: =#REF! -> #REF! | O23: Ho' | R23: =$E$22 -> #REF! | AB23: Lo
B25: - 제두부
B26: Ho' | D26: = | E26: =#REF! -> #REF! | I26: = | J26: =ROUND(E26/E27,4) -> #REF! | O26: h | Q26: = | R26: =#REF! -> #REF! | V26: = | W26: =ROUND(R26/R27,2) -> #REF! | AB26: d | AD26: = | AE26: 5.4e-06 | AJ26: d | AL26: = | AM26: =ROUND(AE26*E27*1000,2) -> #REF!
B27: Lo | E27: =#REF! -> #REF! | O27: Ho' | R27: =$E$26 -> #REF! | AB27: Lo
C30: 나) 방파제 전면수심(h)에서 완전 이동한계 입경은 사또･다나까 계산도표에 의해 산정함.
B40: - 접속부
B41: Ho' | D41: = | E41: =E14 -> #REF! | I41: = | J41: =ROUND(E41/E42,4) -> #REF! | O41: h | Q41: = | R41: =R14 -> #REF! | V41: = | W41: =ROUND(R41/R42,2) -> #REF! | AB41: d | AD41: = | AE41: 3.1e-05 | AJ41: d | AL41: = | AM41: =ROUND(AE41*E42*1000,2) -> #REF!
B42: Lo | E42: =E15 -> #REF! | O42: Ho' | R42: =E41 -> #REF! | AB42: Lo
B44: - 제간부 A
B45: Ho' | D45: = | E45: =E18 -> #REF! | I45: = | J45: =ROUND(E45/E46,4) -> #REF! | O45: h | Q45: = | R45: =R18 -> #REF! | V45: = | W45: =ROUND(R45/R46,2) -> #REF! | AB45: d | AD45: = | AE45: 2.6e-06 | AJ45: d | AL45: = | AM45: =ROUND(AE45*E46*1000,2) -> #REF!
B46: Lo | E46: =E19 -> #REF! | O46: Ho' | R46: =E45 -> #REF! | AB46: Lo
B48: - 제간부 B
B49: Ho' | D49: = | E49: =E22 -> #REF! | I49: = | J49: =ROUND(E49/E50,4) -> #REF! | O49: h | Q49: = | R49: =R22 -> #REF! | V49: = | W49: =ROUND(R49/R50,2) -> #REF! | AB49: d | AD49: = | AE49: 1.3e-06 | AJ49: d | AL49: = | AM49: =ROUND(AE49*E50*1000,2) -> #REF!
B50: Lo | E50: =E23 -> #REF! | O50: Ho' | R50: =E49 -> #REF! | AB50: Lo
B52: - 제두부
B53: Ho' | D53: = | E53: =E26 -> #REF! | I53: = | J53: =ROUND(E53/E54,4) -> #REF! | O53: h | Q53: = | R53: =R26 -> #REF! | V53: = | W53: =ROUND(R53/R54,2) -> #REF! | AB53: d | AD53: = | AE53: 1.2e-06 | AJ53: d | AL53: = | AM53: =ROUND(AE53*E54*1000,2) -> #REF!
B54: Lo | E54: =E27 -> #REF! | O54: Ho' | R54: =E53 -> #REF! | AB54: Lo
A57: 바. 세굴방지공 결정
A58: 1) 단면규모 기준 - Berm Type
B59: 구 분 | H59: S.P.M에 의한 소단설치단면제원 | R59: 항만 및 어항설계기준 방파제단면제원(p.139) | AB59: TTP설계와 시공기준서 | AK59: 비 고
B61: 소 요 두 께 | H61: r ~ 2r | R61: 2r | AB61: 1.0m ~ 2.0m
B62: 소 요 소 단 폭 | H62: 3H ~ 4.5H | R62: 최소 3.0m | AB62: 3.0m ~ 5.0m
A64: 2) 단면규모 기준 - Buried Type
B65: 구 분 | H65: S.P.M에 의한 소단설치단면제원 | R65: 항만 및 어항설계기준 방파제단면제원(p.139) | AB65: TTP설계와 시공기준서 | AK65: 비 고
B67: 소 요 두 께 | H67: r ~ 2r | R67: 2r | AB67: 1.0m ~ 2.0m
B68: 소 요 소 단 폭 | H68: 2H ~ 3H | R68: 최소 3.0m | AB68: 3.0m ~ 5.0m
A70: 3) 세굴방지공 단면규모 산정
B71: 구 분 | M71: 소요두께 | W71: 소요소단폭 | AG71: 비 고
B72: =B80 -> #REF! | M72: 0.6 | W72: 3 | AG72: Berm Type
B73: =B81 -> #REF! | M73: 0.6 | W73: 3
B74: =B82 -> #REF! | M74: 1.2 | W74: 6 | AG74: Buried Type
B75: =B83 -> #REF! | M75: 1.2 | W75: 6.7 | AY75: 입경계산방법
AY76: M = | BA76: ρ D3
A77: 4) 세굴방지공 소요규격 산정 | BA77: (구의 체적 : 4/3πr^3 은 아님)
B78: 구 분 | K78: 소요규격 | AI78: 적 용
K79: 표층 이동한계 입경 | W79: 완전 이동한계 입경
B80: =#REF! -> #REF! | K80: =AM14 -> #REF! | W80: =AM41 -> #REF! | AI80: 0.2m3 급 피복석 적용 (입경:0.6m)
B81: =#REF! -> #REF! | K81: =AM18 -> #REF! | W81: =AM45 -> #REF!
B82: =#REF! -> #REF! | K82: =AM22 -> #REF! | W82: =AM49 -> #REF!
B83: =#REF! -> #REF! | K83: =K82 -> #REF! | W83: =W82 -> #REF!

Sheet C-1(경사제)
A1: d/Lo | B1: H/Ho' | D1: Ho'/gT² | E1: R/Ho' | Z1: 해저 기울기 1/50일때 h/Ho' 와 Ho'/Lo 에 따른 Hmax/Ho' | AH1: 해저 기울기 1/50일때 h/Ho' 와 Ho'/Lo 에 따른 H1/20 / H1/3
D2: ds/Ho' | E2: 0.8 | F2: 0.8 | G2: 0.8 | H2: 2 | I2: 2 | J2: 2 | L2: m | M2: 0.02 | N2: 0.033 | O2: 0.05 | P2: 0.1 | R2: Hb'/gT² | S2: α | T2: β
A3: 0.0001 | B3: 4.467 | D3: Slope | E3: 1.3 | F3: 1.5 | G3: 2 | H3: 1.3 | I3: 1.5 | J3: 2 | L3: 0.0004 | M3: 2.08 | N3: 2.28 | O3: 2.42 | P3: 2.53 | T3: 0.01 | U3: 0.02 | V3: 0.033 | W3: 0.05 | X3: 0.1 | Z3: h/Ho' | AA3: Ho'/Lo | AH3: h/Ho' | AI3: Ho'/Lo
A4: 0.0002 | B4: 3.757 | D4: 0.0003 | E4: 5.69 | F4: 5.63 | G4: 5.53 | H4: 4.21 | I4: 4.11 | J4: 4.22 | L4: 0.0005 | M4: 1.96 | N4: 2.13 | O4: 2.26 | P4: 2.38 | R4: 0.0001 | S4: 1.475 | U4: 1.06 | V4: 0.99 | W4: 0.88 | X4: 0.725 | AA4: 0.002 | AB4: 0.005 | AC4: 0.01 | AD4: 0.02 | AE4: 0.04 | AF4: 0.08 | AI4: 0.002 | AJ4: 0.005 | AK4: 0.01 | AL4: 0.02 | AM4: 0.04 | AN4: 0.08
A5: 0.0003 | B5: 3.395 | D5: 0.0006 | E5: 5.4 | F5: 5.33 | G5: 5.25 | H5: 3.99 | I5: 3.93 | J5: 3.98 | L5: 0.0006 | M5: 1.86 | N5: 2.02 | O5: 2.13 | P5: 2.27 | R5: 0.0002 | S5: 1.475 | U5: 1.06 | V5: 0.995 | W5: 0.88 | X5: 0.73 | Z5: 0 | AA5: 0.69 | AB5: 0.46 | AC5: 0.34 | AD5: 0.25 | AE5: 0.2 | AF5: 0.16 | AH5: 0 | AI5: 1.452 | AJ5: 1.448 | AK5: 1.441 | AL5: 1.427 | AM5: 1.408 | AN5: 1.383
A6: 0.0004 | B6: 3.16 | D6: 0.0009 | E6: 5.05 | F6: 4.97 | G6: 4.85 | H6: 3.78 | I6: 3.83 | J6: 3.84 | L6: 0.0007 | M6: 1.78 | N6: 1.93 | O6: 2.04 | P6: 2.16 | R6: 0.0003 | S6: 1.475 | U6: 1.065 | V6: 1 | W6: 0.885 | X6: 0.735 | Z6: 0.1 | AA6: 0.72 | AB6: 0.51 | AC6: 0.39 | AD6: 0.31 | AE6: 0.26 | AF6: 0.21 | AH6: 0.1 | AI6: 1.439 | AJ6: 1.426 | AK6: 1.41 | AL6: 1.383 | AM6: 1.353 | AN6: 1.323
A7: 0.0005 | B7: 2.989 | D7: 0.0012 | E7: 4.79 | F7: 4.68 | G7: 4.46 | H7: 3.4 | I7: 3.59 | J7: 3.7 | L7: 0.0008 | M7: 1.72 | N7: 1.86 | O7: 1.96 | P7: 2.08 | R7: 0.0004 | S7: 1.475 | U7: 1.065 | V7: 1 | W7: 0.89 | X7: 0.74 | Z7: 0.2 | AA7: 0.77 | AB7: 0.56 | AC7: 0.45 | AD7: 0.37 | AE7: 0.32 | AF7: 0.27 | AH7: 0.2 | AI7: 1.422 | AJ7: 1.398 | AK7: 1.373 | AL7: 1.344 | AM7: 1.313 | AN7: 1.287
A8: 0.0006 | B8: 2.856 | D8: 0.0016 | E8: 4.53 | F8: 4.44 | G8: 4.12 | H8: 3.14 | I8: 3.26 | J8: 3.4 | L8: 0.0009 | M8: 1.66 | N8: 1.8 | O8: 1.9 | P8: 2.01 | R8: 0.0005 | S8: 1.48 | U8: 1.07 | V8: 1 | W8: 0.89 | X8: 0.74 | Z8: 0.3 | AA8: 0.81 | AB8: 0.62 | AC8: 0.51 | AD8: 0.43 | AE8: 0.38 | AF8: 0.33 | AH8: 0.3 | AI8: 1.404 | AJ8: 1.372 | AK8: 1.343 | AL8: 1.316 | AM8: 1.289 | AN8: 1.267
A9: 0.0007 | B9: 2.749 | D9: 0.0019 | E9: 4.29 | F9: 4.17 | G9: 3.86 | H9: 2.99 | I9: 3.16 | J9: 3.31 | L9: 0.001 | M9: 1.61 | N9: 1.75 | O9: 1.84 | P9: 1.96 | R9: 0.0006 | S9: 1.48 | U9: 1.07 | V9: 1.005 | W9: 0.895 | X9: 0.745 | Z9: 0.4 | AA9: 0.86 | AB9: 0.67 | AC9: 0.57 | AD9: 0.49 | AE9: 0.44 | AF9: 0.39 | AH9: 0.4 | AI9: 1.385 | AJ9: 1.349 | AK9: 1.321 | AL9: 1.296 | AM9: 1.274 | AN9: 1.257
A10: 0.0008 | B10: 2.659 | D10: 0.0023 | E10: 3.98 | F10: 3.87 | G10: 3.5 | H10: 2.8 | I10: 3 | J10: 3.13 | L10: 0.0011 | M10: 1.56 | N10: 1.7 | O10: 1.79 | P10: 1.91 | R10: 0.0007 | S10: 1.48 | U10: 1.075 | V10: 1.005 | W10: 0.9 | X10: 0.745 | Z10: 0.5 | AA10: 0.92 | AB10: 0.73 | AC10: 0.64 | AD10: 0.56 | AE10: 0.51 | AF10: 0.45 | AH10: 0.5 | AI10: 1.368 | AJ10: 1.332 | AK10: 1.306 | AL10: 1.283 | AM10: 1.265 | AN10: 1.25
A11: 0.0009 | B11: 2.582 | D11: 0.0031 | E11: 3.6 | F11: 3.46 | G11: 3.11 | H11: 2.51 | I11: 2.79 | J11: 2.85 | L11: 0.0012 | M11: 1.53 | N11: 1.65 | O11: 1.75 | P11: 1.86 | R11: 0.0008 | S11: 1.48 | U11: 1.075 | V11: 1.01 | W11: 0.9 | X11: 0.75 | Z11: 0.6 | AA11: 0.98 | AB11: 0.8 | AC11: 0.7 | AD11: 0.63 | AE11: 0.58 | AF11: 0.52 | AH11: 0.6 | AI11: 1.351 | AJ11: 1.316 | AK11: 1.293 | AL11: 1.275 | AM11: 1.259 | AN11: 1.246
A12: 0.001 | B12: 2.515 | D12: 0.0047 | E12: 3.06 | F12: 2.92 | G12: 2.59 | H12: 2.32 | I12: 2.57 | J12: 2.63 | L12: 0.0013 | M12: 1.49 | N12: 1.61 | O12: 1.71 | P12: 1.82 | R12: 0.0009 | S12: 1.485 | U12: 1.08 | V12: 1.01 | W12: 0.9 | X12: 0.75 | Z12: 0.7 | AA12: 1.04 | AB12: 0.86 | AC12: 0.77 | AD12: 0.7 | AE12: 0.65 | AF12: 0.58 | AH12: 0.7 | AI12: 1.338 | AJ12: 1.305 | AK12: 1.284 | AL12: 1.268 | AM12: 1.255 | AN12: 1.243
A13: 0.0011 | B13: 2.456 | D13: 0.0062 | E13: 2.69 | F13: 2.54 | G13: 2.11 | H13: 2.09 | I13: 2.41 | J13: 2.32 | L13: 0.0014 | M13: 1.46 | N13: 1.58 | O13: 1.68 | P13: 1.78 | R13: 0.001 | S13: 1.485 | U13: 1.085 | V13: 1.015 | W13: 0.9 | X13: 0.75 | Z13: 0.8 | AA13: 1.1 | AB13: 0.93 | AC13: 0.84 | AD13: 0.77 | AE13: 0.72 | AF13: 0.64 | AH13: 0.8 | AI13: 1.326 | AJ13: 1.297 | AK13: 1.278 | AL13: 1.265 | AM13: 1.253 | AN13: 1.242
A14: 0.0012 | B14: 2.404 | D14: 0.0078 | E14: 2.4 | F14: 2.25 | G14: 1.84 | H14: 1.92 | I14: 2.25 | J14: 2.1 | L14: 0.0015 | M14: 1.43 | N14: 1.55 | O14: 1.65 | P14: 1.75 | R14: 0.0011 | S14: 1.485 | U14: 1.09 | V14: 1.02 | W14: 0.905 | X14: 0.75 | Z14: 0.9 | AA14: 1.17 | AB14: 1 | AC14: 0.92 | AD14: 0.84 | AE14: 0.79 | AF14: 0.7 | AH14: 0.9 | AI14: 1.316 | AJ14: 1.288 | AK14: 1.273 | AL14: 1.261 | AM14: 1.252 | AN14: 1.243
A15: 0.0013 | B15: 2.357 | D15: 0.0093 | E15: 2.15 | F15: 1.98 | G15: 1.62 | H15: 1.85 | I15: 2.11 | J15: 1.85 | L15: 0.0016 | M15: 1.41 | N15: 1.52 | O15: 1.62 | P15: 1.72 | R15: 0.0012 | S15: 1.485 | U15: 1.095 | V15: 1.02 | W15: 0.905 | X15: 0.755 | Z15: 1 | AA15: 1.23 | AB15: 1.07 | AC15: 0.99 | AD15: 0.91 | AE15: 0.85 | AF15: 0.75 | AH15: 1 | AI15: 1.308 | AJ15: 1.283 | AK15: 1.269 | AL15: 1.26 | AM15: 1.253 | AN15: 1.244
A16: 0.0014 | B16: 2.314 | D16: 0.0124 | E16: 1.86 | F16: 1.76 | G16: 1.38 | H16: 1.71 | I16: 1.94 | J16: 1.61 | L16: 0.0017 | M16: 1.39 | N16: 1.5 | O16: 1.6 | P16: 1.69 | R16: 0.0013 | S16: 1.49 | U16: 1.1 | V16: 1.025 | W16: 0.91 | X16: 0.76 | Z16: 1.1 | AA16: 1.3 | AB16: 1.14 | AC16: 1.06 | AD16: 0.98 | AE16: 0.92 | AF16: 0.81 | AH16: 1.1 | AI16: 1.301 | AJ16: 1.278 | AK16: 1.266 | AL16: 1.259 | AM16: 1.255 | AN16: 1.248
A17: 0.0015 | B17: 2.275 | L17: 0.0018 | M17: 1.37 | N17: 1.47 | O17: 1.57 | P17: 1.67 | R17: 0.0014 | S17: 1.49 | U17: 1.1 | V17: 1.025 | W17: 0.91 | X17: 0.765 | Z17: 1.2 | AA17: 1.37 | AB17: 1.22 | AC17: 1.14 | AD17: 1.05 | AE17: 0.98 | AF17: 0.86 | AH17: 1.2 | AI17: 1.295 | AJ17: 1.274 | AK17: 1.265 | AL17: 1.261 | AM17: 1.259 | AN17: 1.252
A18: 0.0016 | B18: 2.239 | L18: 0.0019 | M18: 1.35 | N18: 1.45 | O18: 1.55 | P18: 1.64 | R18: 0.0015 | S18: 1.49 | U18: 1.1 | V18: 1.025 | W18: 0.915 | X18: 0.77 | Z18: 1.3 | AA18: 1.43 | AB18: 1.29 | AC18: 1.21 | AD18: 1.13 | AE18: 1.04 | AF18: 0.91 | AH18: 1.3 | AI18: 1.29 | AJ18: 1.272 | AK18: 1.264 | AL18: 1.262 | AM18: 1.265 | AN18: 1.257
A19: 0.0017 | B19: 2.205 | L19: 0.002 | M19: 1.33 | N19: 1.43 | O19: 1.53 | P19: 1.62 | R19: 0.0016 | S19: 1.49 | U19: 1.105 | V19: 1.025 | W19: 0.915 | X19: 0.775 | Z19: 1.4 | AA19: 1.5 | AB19: 1.37 | AC19: 1.29 | AD19: 1.2 | AE19: 1.1 | AF19: 0.95 | AH19: 1.4 | AI19: 1.285 | AJ19: 1.27 | AK19: 1.264 | AL19: 1.267 | AM19: 1.272 | AN19: 1.265
A20: 0.0018 | B20: 2.174 | D20: ds/Ho' >3.0 일경우(사석경사면) | L20: 0.0021 | M20: 1.31 | N20: 1.41 | O20: 1.51 | P20: 1.6 | R20: 0.0017 | S20: 1.495 | U20: 1.105 | V20: 1.03 | W20: 0.92 | X20: 0.775 | Z20: 1.5 | AA20: 1.58 | AB20: 1.44 | AC20: 1.36 | AD20: 1.27 | AE20: 1.16 | AF20: 1 | AH20: 1.5 | AI20: 1.282 | AJ20: 1.269 | AK20: 1.265 | AL20: 1.273 | AM20: 1.283 | AN20: 1.273
A21: 0.0019 | B21: 2.145 | D21: Ho'/gT² | E21: R/Ho' | L21: 0.0022 | M21: 1.3 | N21: 1.4 | O21: 1.5 | P21: 1.58 | R21: 0.0018 | S21: 1.495 | U21: 1.105 | V21: 1.03 | W21: 0.92 | X21: 0.775 | Z21: 1.6 | AA21: 1.65 | AB21: 1.52 | AC21: 1.44 | AD21: 1.34 | AE21: 1.22 | AF21: 1.05 | AH21: 1.6 | AI21: 1.279 | AJ21: 1.268 | AK21: 1.267 | AL21: 1.28 | AM21: 1.295 | AN21: 1.282
A22: 0.002 | B22: 2.119 | E22: SLOPE=1.5 | F22: SLOPE=2.0 | G22: SLOPE=2.5 | L22: 0.0023 | M22: 1.29 | N22: 1.385 | O22: 1.485 | P22: 1.56 | R22: 0.0019 | S22: 1.495 | U22: 1.11 | V22: 1.035 | W22: 0.925 | X22: 0.775 | Z22: 1.7 | AA22: 1.72 | AB22: 1.59 | AC22: 1.51 | AD22: 1.4 | AE22: 1.28 | AF22: 1.09 | AH22: 1.7 | AI22: 1.277 | AJ22: 1.268 | AK22: 1.271 | AL22: 1.289 | AM22: 1.307 | AN22: 1.29
A23: 0.0021 | B23: 2.094 | D23: 0.0004 | E23: 0.833 | F23: 0.924 | G23: 0.799 | L23: 0.0024 | M23: 1.275 | N23: 1.37 | O23: 1.465 | P23: 1.54 | R23: 0.002 | S23: 1.495 | U23: 1.11 | V23: 1.035 | W23: 0.925 | X23: 0.78 | Z23: 1.8 | AA23: 1.8 | AB23: 1.67 | AC23: 1.59 | AD23: 1.47 | AE23: 1.33 | AF23: 1.13 | AH23: 1.8 | AI23: 1.274 | AJ23: 1.268 | AK23: 1.277 | AL23: 1.3 | AM23: 1.32 | AN23: 1.298
A24: 0.0022 | B24: 2.07 | D24: 0.0005 | E24: 0.853 | F24: 0.957 | G24: 0.842 | L24: 0.0025 | M24: 1.26 | N24: 1.36 | O24: 1.45 | P24: 1.53 | R24: 0.0021 | S24: 1.5 | U24: 1.115 | V24: 1.04 | W24: 0.925 | X24: 0.78 | Z24: 1.9 | AA24: 1.87 | AB24: 1.74 | AC24: 1.66 | AD24: 1.53 | AE24: 1.38 | AF24: 1.17 | AH24: 1.9 | AI24: 1.272 | AJ24: 1.27 | AK24: 1.284 | AL24: 1.313 | AM24: 1.334 | AN24: 1.306
A25: 0.0023 | B25: 2.047 | D25: 0.0006 | E25: 0.87 | F25: 0.981 | G25: 0.875 | L25: 0.0026 | M25: 1.25 | N25: 1.35 | O25: 1.44 | P25: 1.51 | R25: 0.0022 | S25: 1.5 | U25: 1.115 | V25: 1.04 | W25: 0.925 | X25: 0.785 | Z25: 2 | AA25: 1.95 | AB25: 1.82 | AC25: 1.73 | AD25: 1.59 | AE25: 1.42 | AF25: 1.21 | AH25: 2 | AI25: 1.271 | AJ25: 1.272 | AK25: 1.291 | AL25: 1.326 | AM25: 1.346 | AN25: 1.314
A26: 0.0024 | B26: 2.025 | D26: 0.0008 | E26: 0.895 | F26: 1.029 | G26: 0.925 | L26: 0.0027 | M26: 1.24 | N26: 1.34 | O26: 1.425 | P26: 1.5 | R26: 0.0023 | S26: 1.5 | U26: 1.115 | V26: 1.045 | W26: 0.93 | X26: 0.785 | Z26: 2.1 | AA26: 2.02 | AB26: 1.89 | AC26: 1.8 | AD26: 1.64 | AE26: 1.46 | AF26: 1.24 | AH26: 2.1 | AI26: 1.271 | AJ26: 1.275 | AK26: 1.301 | AL26: 1.34 | AM26: 1.357 | AN26: 1.321
A27: 0.0025 | B27: 2.005 | D27: 0.001 | E27: 0.92 | F27: 1.058 | G27: 0.969 | L27: 0.0028 | M27: 1.23 | N27: 1.33 | O27: 1.41 | P27: 1.49 | R27: 0.0024 | S27: 1.5 | U27: 1.12 | V27: 1.045 | W27: 0.93 | X27: 0.79 | Z27: 2.2 | AA27: 2.1 | AB27: 1.97 | AC27: 1.86 | AD27: 1.69 | AE27: 1.5 | AF27: 1.27 | AH27: 2.2 | AI27: 1.27 | AJ27: 1.279 | AK27: 1.311 | AL27: 1.352 | AM27: 1.368 | AN27: 1.329
A28: 0.0026 | B28: 1.986 | D28: 0.0015 | E28: 0.972 | F28: 1.104 | G28: 1.075 | L28: 0.0029 | M28: 1.22 | N28: 1.31 | O28: 1.4 | P28: 1.475 | R28: 0.0025 | S28: 1.505 | U28: 1.12 | V28: 1.05 | W28: 0.935 | X28: 0.79 | Z28: 2.3 | AA28: 2.18 | AB28: 2.05 | AC28: 1.92 | AD28: 1.73 | AE28: 1.53 | AF28: 1.3 | AH28: 2.3 | AI28: 1.27 | AJ28: 1.284 | AK28: 1.323 | AL28: 1.362 | AM28: 1.377 | AN28: 1.335
A29: 0.0027 | B29: 1.967 | D29: 0.002 | E29: 1.014 | F29: 1.104 | G29: 1.05 | L29: 0.003 | M29: 1.21 | N29: 1.3 | O29: 1.39 | P29: 1.46 | R29: 0.0026 | S29: 1.505 | U29: 1.12 | V29: 1.05 | W29: 0.935 | X29: 0.795 | Z29: 2.4 | AA29: 2.25 | AB29: 2.12 | AC29: 1.97 | AD29: 1.76 | AE29: 1.56 | AF29: 1.33 | AH29: 2.4 | AI29: 1.271 | AJ29: 1.292 | AK29: 1.334 | AL29: 1.369 | AM29: 1.383 | AN29: 1.342
A30: 0.0028 | B30: 1.95 | D30: 0.003 | E30: 1.032 | F30: 1.04 | G30: 1.008 | J30: · | L30: 0.0031 | M30: 1.2 | N30: 1.3 | O30: 1.38 | P30: 1.45 | R30: 0.0027 | S30: 1.505 | U30: 1.125 | V30: 1.05 | W30: 0.94 | X30: 0.8 | Z30: 2.5 | AA30: 2.33 | AB30: 2.19 | AC30: 2.02 | AD30: 1.79 | AE30: 1.59 | AF30: 1.36 | AH30: 2.5 | AI30: 1.272 | AJ30: 1.299 | AK30: 1.345 | AL30: 1.376 | AM30: 1.388 | AN30: 1.348
A31: 0.0029 | B31: 1.933 | D31: 0.004 | E31: 0.996 | F31: 0.976 | G31: 0.944 | L31: 0.0032 | M31: 1.19 | N31: 1.29 | O31: 1.37 | P31: 1.44 | R31: 0.0028 | S31: 1.505 | U31: 1.125 | V31: 1.05 | W31: 0.94 | X31: 0.8 | Z31: 2.6 | AA31: 2.4 | AB31: 2.26 | AC31: 2.06 | AD31: 1.81 | AE31: 1.6 | AF31: 1.38 | AH31: 2.6 | AI31: 1.273 | AJ31: 1.308 | AK31: 1.354 | AL31: 1.38 | AM31: 1.392 | AN31: 1.354
A32: 0.003 | B32: 1.917 | D32: 0.005 | E32: 0.957 | F32: 0.925 | G32: 0.885 | L32: 0.0033 | M32: 1.18 | N32: 1.28 | O32: 1.36 | P32: 1.43 | R32: 0.0029 | S32: 1.51 | U32: 1.125 | V32: 1.05 | W32: 0.945 | X32: 0.8 | Z32: 2.7 | AA32: 2.47 | AB32: 2.33 | AC32: 2.08 | AD32: 1.82 | AE32: 1.62 | AF32: 1.41 | AH32: 2.7 | AI32: 1.276 | AJ32: 1.317 | AK32: 1.362 | AL32: 1.383 | AM32: 1.395 | AN32: 1.359
A33: 0.0031 | B33: 1.902 | D33: 0.006 | E33: 0.916 | F33: 0.884 | G33: 0.829 | L33: 0.0034 | M33: 1.175 | N33: 1.27 | O33: 1.35 | P33: 1.42 | R33: 0.003 | S33: 1.51 | U33: 1.13 | V33: 1.055 | W33: 0.945 | X33: 0.8 | Z33: 2.8 | AA33: 2.54 | AB33: 2.39 | AC33: 2.11 | AD33: 1.82 | AE33: 1.63 | AF33: 1.43 | AH33: 2.8 | AI33: 1.278 | AJ33: 1.326 | AK33: 1.368 | AL33: 1.385 | AM33: 1.397 | AN33: 1.363
A34: 0.0032 | B34: 1.887 | D34: 0.008 | E34: 0.832 | F34: 0.792 | G34: 0.718 | L34: 0.0035 | M34: 1.17 | N34: 1.26 | O34: 1.34 | P34: 1.41 | R34: 0.0031 | S34: 1.51 | U34: 1.13 | V34: 1.055 | W34: 0.95 | X34: 0.805 | Z34: 2.9 | AA34: 2.62 | AB34: 2.45 | AC34: 2.12 | AD34: 1.83 | AE34: 1.64 | AF34: 1.45 | AH34: 2.9 | AI34: 1.283 | AJ34: 1.336 | AK34: 1.372 | AL34: 1.387 | AM34: 1.398 | AN34: 1.367
A35: 0.0033 | B35: 1.873 | D35: 0.01 | E35: 0.755 | F35: 0.719 | G35: 0.639 | L35: 0.0036 | M35: 1.165 | N35: 1.255 | O35: 1.33 | P35: 1.4 | R35: 0.0032 | S35: 1.51 | U35: 1.13 | V35: 1.055 | W35: 0.95 | X35: 0.805 | Z35: 3 | AA35: 2.69 | AB35: 2.5 | AC35: 2.13 | AD35: 1.83 | AE35: 1.66 | AF35: 1.47 | AH35: 3 | AI35: 1.287 | AJ35: 1.343 | AK35: 1.376 | AL35: 1.389 | AM35: 1.399 | AN35: 1.37
A36: 0.0034 | B36: 1.86 | D36: 0.015 | E36: 0.613 | F36: 0.579 | G36: 0.495 | L36: 0.0037 | M36: 1.16 | N36: 1.25 | O36: 1.32 | P36: 1.39 | R36: 0.0033 | S36: 1.511 | T36: 1.201 | U36: 1.135 | V36: 1.06 | W36: 0.95 | X36: 0.81 | Z36: 3.1 | AA36: 2.77 | AB36: 2.53 | AC36: 2.13 | AD36: 1.82 | AE36: 1.66 | AF36: 1.49 | AH36: 3.1 | AI36: 1.291 | AJ36: 1.35 | AK36: 1.379 | AL36: 1.392 | AM36: 1.4 | AN36: 1.373
A37: 0.0035 | B37: 1.847 | D37: 0.02 | E37: 0.513 | F37: 0.47 | G37: 0.404 | L37: 0.0038 | M37: 1.15 | N37: 1.24 | O37: 1.31 | P37: 1.38 | R37: 0.0034 | S37: 1.513 | T37: 1.202 | U37: 1.135 | V37: 1.06 | W37: 0.95 | X37: 0.81 | Z37: 3.2 | AA37: 2.85 | AB37: 2.55 | AC37: 2.13 | AD37: 1.82 | AE37: 1.66 | AF37: 1.5 | AH37: 3.2 | AI37: 1.297 | AJ37: 1.355 | AK37: 1.382 | AL37: 1.393 | AM37: 1.4 | AN37: 1.376
A38: 0.0036 | B38: 1.834 | L38: 0.0039 | M38: 1.14 | N38: 1.235 | O38: 1.3 | P38: 1.37 | R38: 0.0035 | S38: 1.515 | T38: 1.202 | U38: 1.14 | V38: 1.06 | W38: 0.95 | X38: 0.815 | Z38: 3.3 | AA38: 2.92 | AB38: 2.56 | AC38: 2.12 | AD38: 1.81 | AE38: 1.67 | AF38: 1.52 | AH38: 3.3 | AI38: 1.303 | AJ38: 1.36 | AK38: 1.384 | AL38: 1.394 | AM38: 1.401 | AN38: 1.379
A39: 0.0037 | B39: 1.822 | L39: 0.004 | M39: 1.14 | N39: 1.23 | O39: 1.3 | P39: 1.36 | R39: 0.0036 | S39: 1.515 | T39: 1.203 | U39: 1.14 | V39: 1.065 | W39: 0.955 | X39: 0.815 | Z39: 3.4 | AA39: 2.98 | AB39: 2.56 | AC39: 2.12 | AD39: 1.8 | AE39: 1.67 | AF39: 1.54 | AH39: 3.4 | AI39: 1.309 | AJ39: 1.363 | AK39: 1.386 | AL39: 1.395 | AM39: 1.401 | AN39: 1.381
A40: 0.0038 | B40: 1.81 | L40: 0.0041 | M40: 1.13 | N40: 1.225 | O40: 1.29 | P40: 1.355 | R40: 0.0037 | S40: 1.516 | T40: 1.204 | U40: 1.14 | V40: 1.065 | W40: 0.955 | X40: 0.82 | Z40: 3.5 | AA40: 3.05 | AB40: 2.55 | AC40: 2.1 | AD40: 1.79 | AE40: 1.67 | AF40: 1.55 | AH40: 3.5 | AI40: 1.316 | AJ40: 1.367 | AK40: 1.388 | AL40: 1.397 | AM40: 1.401 | AN40: 1.383
A41: 0.0039 | B41: 1.799 | L41: 0.0042 | M41: 1.13 | N41: 1.22 | O41: 1.28 | P41: 1.35 | R41: 0.0038 | S41: 1.517 | T41: 1.205 | U41: 1.145 | V41: 1.065 | W41: 0.96 | X41: 0.82 | Z41: 3.6 | AA41: 3.11 | AB41: 2.54 | AC41: 2.09 | AD41: 1.78 | AE41: 1.67 | AF41: 1.57 | AH41: 3.6 | AI41: 1.323 | AJ41: 1.369 | AK41: 1.389 | AL41: 1.397 | AM41: 1.401 | AN41: 1.385
A42: 0.004 | B42: 1.788 | L42: 0.0043 | M42: 1.12 | N42: 1.215 | O42: 1.27 | P42: 1.35 | R42: 0.0039 | S42: 1.52 | U42: 1.145 | V42: 1.075 | W42: 0.96 | X42: 0.825 | Z42: 3.7 | AA42: 3.17 | AB42: 2.52 | AC42: 2.07 | AD42: 1.77 | AE42: 1.66 | AF42: 1.58 | AH42: 3.7 | AI42: 1.33 | AJ42: 1.371 | AK42: 1.391 | AL42: 1.398 | AM42: 1.402 | AN42: 1.386
A43: 0.0041 | B43: 1.777 | L43: 0.0044 | M43: 1.12 | N43: 1.21 | O43: 1.26 | P43: 1.34 | R43: 0.004 | S43: 1.52 | U43: 1.145 | V43: 1.075 | W43: 0.965 | X43: 0.825 | Z43: 3.8 | AA43: 3.22 | AB43: 2.49 | AC43: 2.05 | AD43: 1.75 | AE43: 1.66 | AF43: 1.59 | AH43: 3.8 | AI43: 1.335 | AJ43: 1.374 | AK43: 1.391 | AL43: 1.398 | AM43: 1.402 | AN43: 1.387
A44: 0.0042 | B44: 1.767 | L44: 0.0045 | M44: 1.11 | N44: 1.205 | O44: 1.255 | P44: 1.33 | R44: 0.0041 | S44: 1.52 | T44: 1.213075 | U44: 1.15 | V44: 1.075 | W44: 0.97 | X44: 0.825 | Z44: 3.9 | AA44: 3.27 | AB44: 2.45 | AC44: 2.02 | AD44: 1.74 | AE44: 1.66 | AF44: 1.6 | AH44: 3.9 | AI44: 1.34 | AJ44: 1.376 | AK44: 1.391 | AL44: 1.398 | AM44: 1.402 | AN44: 1.388
A45: 0.0043 | B45: 1.756 | L45: 0.0046 | M45: 1.1 | N45: 1.2 | O45: 1.25 | P45: 1.325 | R45: 0.0042 | S45: 1.52 | T45: 1.213875 | U45: 1.15 | V45: 1.075 | W45: 0.975 | X45: 0.825 | Z45: 4 | AA45: 3.32 | AB45: 2.41 | AC45: 1.98 | AD45: 1.72 | AE45: 1.66 | AF45: 1.61 | AH45: 4 | AI45: 1.345 | AJ45: 1.378 | AK45: 1.391 | AL45: 1.398 | AM45: 1.402 | AN45: 1.389
A46: 0.0044 | B46: 1.746 | L46: 0.0047 | M46: 1.1 | N46: 1.19 | O46: 1.245 | P46: 1.32 | R46: 0.0043 | S46: 1.525 | T46: 1.214625 | U46: 1.15 | V46: 1.08 | W46: 0.975 | X46: 0.83
A47: 0.0045 | B47: 1.737 | L47: 0.0048 | M47: 1.1 | N47: 1.18 | O47: 1.24 | P47: 1.31 | R47: 0.0044 | S47: 1.525 | U47: 1.15 | V47: 1.08 | W47: 0.975 | X47: 0.83
A48: 0.0046 | B48: 1.727 | L48: 0.0049 | M48: 1.09 | N48: 1.175 | O48: 1.235 | P48: 1.3 | R48: 0.0045 | S48: 1.525 | U48: 1.155 | V48: 1.085 | W48: 0.975 | X48: 0.835
A49: 0.0047 | B49: 1.718 | L49: 0.005 | M49: 1.09 | N49: 1.17 | O49: 1.23 | P49: 1.3 | R49: 0.0046 | S49: 1.525 | T49: 1.216875 | U49: 1.155 | V49: 1.085 | W49: 0.98 | X49: 0.835
A50: 0.0048 | B50: 1.709 | L50: 0.0051 | M50: 1.08 | N50: 1.17 | O50: 1.225 | P50: 1.29 | R50: 0.0047 | S50: 1.525 | U50: 1.155 | V50: 1.09 | W50: 0.98 | X50: 0.84
A51: 0.0049 | B51: 1.701 | L51: 0.0052 | M51: 1.08 | N51: 1.165 | O51: 1.22 | P51: 1.285 | R51: 0.0048 | S51: 1.53 | U51: 1.16 | V51: 1.09 | W51: 0.985 | X51: 0.84
A52: 0.005 | B52: 1.692 | L52: 0.0053 | M52: 1.075 | N52: 1.16 | O52: 1.215 | P52: 1.28 | R52: 0.0049 | S52: 1.53 | U52: 1.16 | V52: 1.095 | W52: 0.99 | X52: 0.845
A53: 0.0051 | B53: 1.684 | L53: 0.0054 | M53: 1.07 | N53: 1.155 | O53: 1.2 | P53: 1.275 | R53: 0.005 | S53: 1.53 | U53: 1.16 | V53: 1.095 | W53: 0.99 | X53: 0.845
A54: 0.0052 | B54: 1.676 | L54: 0.0055 | M54: 1.065 | N54: 1.15 | O54: 1.2 | P54: 1.27 | R54: 0.0051 | S54: 1.53 | U54: 1.165 | V54: 1.1 | W54: 0.995 | X54: 0.85
A55: 0.0053 | B55: 1.669 | L55: 0.0056 | M55: 1.06 | N55: 1.145 | O55: 1.195 | P55: 1.265 | R55: 0.0052 | S55: 1.53 | U55: 1.165 | V55: 1.1 | W55: 1 | X55: 0.85
A56: 0.0054 | B56: 1.662 | L56: 0.0057 | M56: 1.055 | N56: 1.14 | O56: 1.19 | P56: 1.26 | R56: 0.0053 | S56: 1.535 | U56: 1.165 | V56: 1.1 | W56: 1 | X56: 0.85
A57: 0.0055 | B57: 1.654 | L57: 0.0058 | M57: 1.055 | N57: 1.135 | O57: 1.185 | P57: 1.25 | R57: 0.0054 | S57: 1.535 | U57: 1.165 | V57: 1.1 | W57: 1 | X57: 0.855
A58: 0.0056 | B58: 1.647 | L58: 0.0059 | M58: 1.05 | N58: 1.13 | O58: 1.185 | P58: 1.245 | R58: 0.0055 | S58: 1.535 | U58: 1.17 | V58: 1.105 | W58: 1.005 | X58: 0.855
A59: 0.0057 | B59: 1.64 | L59: 0.006 | M59: 1.05 | N59: 1.13 | O59: 1.18 | P59: 1.24 | R59: 0.0056 | S59: 1.535 | U59: 1.17 | V59: 1.105 | W59: 1.01 | X59: 0.86
A60: 0.0058 | B60: 1.633 | L60: 0.0061 | M60: 1.05 | N60: 1.125 | O60: 1.175 | P60: 1.235 | R60: 0.0057 | S60: 1.535 | U60: 1.17 | V60: 1.11 | W60: 1.015 | X60: 0.86
A61: 0.0059 | B61: 1.626 | L61: 0.0062 | M61: 1.05 | N61: 1.125 | O61: 1.17 | P61: 1.235 | R61: 0.0058 | S61: 1.535 | U61: 1.17 | V61: 1.11 | W61: 1.02 | X61: 0.865
... A107: 0.015 | B107: 1.307 | L107: 0.017 | M107: 0.95 | N107: 0.97 | O107: 1 | P107: 1.02 | R107: 0.0104 | S107: 1.58 | U107: 1.26 | V107: 1.23 | W107: 1.17 | X107: 1.02
A108: 0.016 | B108: 1.288 | L108: 0.018 | M108: 0.95 | P108: 1.01 | R108: 0.0105 | S108: 1.58 | U108: 1.26 | V108: 1.235 | W108: 1.175 | X108: 1.025
A109: 0.017 | B109: 1.271 | L109: 0.019 | M109: 0.95 | P109: 1 | R109: 0.0106 | S109: 1.58 | U109: 1.265 | V109: 1.24 | W109: 1.175 | X109: 1.025
A110: 0.018 | B110: 1.255 | L110: 0.02 | M110: 0.95 | P110: 1 | R110: 0.0107 | S110: 1.58 | U110: 1.27 | V110: 1.24 | W110: 1.175 | X110: 1.03
A111: 0.019 | B111: 1.24 | R111: 0.0108 | S111: 1.585 | U111: 1.27 | V111: 1.245 | W111: 1.18 | X111: 1.035
A112: 0.02 | B112: 1.226 | R112: 0.0109 | S112: 1.585 | U112: 1.275 | V112: 1.25 | W112: 1.185 | X112: 1.04
A113: 0.021 | B113: 1.213 | R113: 0.011 | S113: 1.585 | U113: 1.275 | V113: 1.25 | W113: 1.19 | X113: 1.045
A114: 0.022 | B114: 1.201 | R114: 0.0111 | S114: 1.585 | U114: 1.275 | V114: 1.25 | W114: 1.195 | X114: 1.05
A115: 0.023 | B115: 1.189 | R115: 0.0112 | S115: 1.59 | U115: 1.28 | V115: 1.255 | W115: 1.2 | X115: 1.055
A116: 0.024 | B116: 1.178 | R116: 0.0113 | S116: 1.59 | U116: 1.28 | V116: 1.26 | W116: 1.2 | X116: 1.06
A117: 0.025 | B117: 1.168 | R117: 0.0114 | S117: 1.59 | U117: 1.28 | V117: 1.26 | W117: 1.2 | X117: 1.065
A118: 0.026 | B118: 1.159 | R118: 0.0115 | S118: 1.595 | U118: 1.285 | V118: 1.265 | W118: 1.205 | X118: 1.07
A119: 0.027 | B119: 1.15 | R119: 0.0116 | S119: 1.595 | U119: 1.285 | V119: 1.27 | W119: 1.21 | X119: 1.075
A120: 0.028 | B120: 1.141 | R120: 0.0117 | S120: 1.595 | U120: 1.29 | V120: 1.27 | W120: 1.215 | X120: 1.075
A121: 0.029 | B121: 1.133 | R121: 0.0118 | S121: 1.6 | U121: 1.29 | V121: 1.275 | W121: 1.22 | X121: 1.08
A122: 0.03 | B122: 1.125 | R122: 0.0119 | S122: 1.6 | U122: 1.29 | V122: 1.275 | W122: 1.225 | X122: 1.085
... A175: 0.083 | B175: 0.9506 | R175: 0.0172 | S175: 1.75 | U175: 1.49 | V175: 1.49 | W175: 1.48 | X175: 1.375
A176: 0.084 | B176: 0.9493 | R176: 0.0173 | U176: 1.5 | V176: 1.5 | W176: 1.5 | X176: 1.38
A177: 0.085 | B177: 0.9481 | R177: 0.0174 | U177: 1.5 | V177: 1.5 | W177: 1.5 | X177: 1.385
A178: 0.086 | B178: 0.9469 | R178: 0.0175 | U178: 1.51 | V178: 1.51 | W178: 1.51 | X178: 1.39
A179: 0.087 | B179: 0.9457 | R179: 0.0176 | U179: 1.51 | V179: 1.51 | W179: 1.51 | X179: 1.4
A180: 0.088 | B180: 0.9445 | R180: 0.0177 | U180: 1.52 | V180: 1.52 | W180: 1.52 | X180: 1.41
A181: 0.089 | B181: 0.9433 | R181: 0.0178 | U181: 1.525 | V181: 1.525 | W181: 1.525 | X181: 1.42
A182: 0.09 | B182: 0.9422 | R182: 0.0179 | U182: 1.53 | V182: 1.53 | W182: 1.53 | X182: 1.425
A183: 0.091 | B183: 0.9411 | R183: 0.018 | U183: 1.54 | V183: 1.54 | W183: 1.54 | X183: 1.43
A184: 0.092 | B184: 0.9401
A185: 0.093 | B185: 0.9391
A186: 0.094 | B186: 0.9381
A187: 0.095 | B187: 0.9371
A188: 0.096 | B188: 0.9362
A189: 0.097 | B189: 0.9353
A190: 0.098 | B190: 0.9344
A191: 0.099 | B191: 0.9335
A192: 0.1 | B192: 0.9327
A193: 0.101 | B193: 0.9319
A194: 0.102 | B194: 0.9311
A195: 0.103 | B195: 0.9304
... A732: 1 | B732: 1

Sheet C-1(혼성제)
A1: d/Lo | B1: H/Ho' | D1: R/Hi | E1: d/h | J1: 유의파고가 최대치로 출현하는 수심 산정도 | P1: 수심 주기 파장 | Y1: 해저 기울기 1/50일때 h/Ho' 와 Ho'/Lo 에 따른 Hmax/Ho' | AG1: 해저 기울기 1/50일때 h/Ho' 와 Ho'/Lo 에 따른 H1/20 / H1/3
E2: 0.7 | F2: 0.5 | G2: 0.3 | H2: 0 | P2: 주기 | Q2: 10 | R2: 11 | S2: 12 | T2: 13 | U2: 14 | V2: 15 | W2: 16 | X2: 18
A3: 0.0001 | B3: 4.467 | D3: -2.4 | E3: 0.9998 | J3: Ho'/Lo' | K3: 해저경사1:m | P3: 수심 | Q3: 파장 | R3: 파장 | S3: 파장 | T3: 파장 | U3: 파장 | V3: 파장 | W3: 파장 | X3: 파장 | Y3: h/Ho' | Z3: Ho'/Lo | AG3: h/Ho' | AH3: Ho'/Lo
A4: 0.0002 | B4: 3.757 | D4: -2.3 | E4: 0.9899 | K4: 10 | L4: 20 | M4: 30 | N4: 100 | P4: 8 | Q4: 83.82 | R4: 93.11 | S4: 102.33 | T4: 111.5 | U4: 120.62 | V4: 129.71 | W4: 138.77 | X4: 156.82 | Z4: 0.002 | AA4: 0.005 | AB4: 0.01 | AC4: 0.02 | AD4: 0.04 | AE4: 0.08 | AH4: 0.002 | AI4: 0.005 | AJ4: 0.01 | AK4: 0.02 | AL4: 0.04 | AM4: 0.08
A5: 0.0003 | B5: 3.395 | D5: -2.3 | E5: 0.99 | J5: 0.002 | K5: 2.855 | L5: 3.3 | M5: 3.494 | N5: 3.731 | P5: 9 | Q5: 88.27 | R5: 98.18 | S5: 108.01 | T5: 117.78 | U5: 127.49 | V5: 137.15 | W5: 146.79 | X5: 165.98 | Y5: 0 | Z5: 0.69 | AA5: 0.46 | AB5: 0.34 | AC5: 0.25 | AD5: 0.2 | AE5: 0.16 | AG5: 0 | AH5: 1.452 | AI5: 1.448 | AJ5: 1.441 | AK5: 1.427 | AL5: 1.408 | AM5: 1.383
A6: 0.0004 | B6: 3.16 | D6: -2.2 | E6: 0.9802 | J6: 0.0025 | K6: 2.676 | L6: 3.109 | M6: 3.298 | N6: 3.503 | P6: 10 | Q6: 92.37 | R6: 102.89 | S6: 113.3 | T6: 123.63 | U6: 133.91 | V6: 144.13 | W6: 154.31 | X6: 174.58 | Y6: 0.1 | Z6: 0.72 | AA6: 0.51 | AB6: 0.39 | AC6: 0.31 | AD6: 0.26 | AE6: 0.21 | AG6: 0.1 | AH6: 1.439 | AI6: 1.426 | AJ6: 1.41 | AK6: 1.383 | AL6: 1.353 | AM6: 1.323
A7: 0.0005 | B7: 2.989 | D7: -2.1 | E7: 0.9687 | J7: 0.003 | K7: 2.536 | L7: 2.936 | M7: 3.123 | N7: 3.318 | P7: 12 | Q7: 99.73 | R7: 111.38 | S7: 122.89 | T7: 134.31 | U7: 145.64 | V7: 156.91 | W7: 168.13 | X7: 190.44 | Y7: 0.2 | Z7: 0.77 | AA7: 0.56 | AB7: 0.45 | AC7: 0.37 | AD7: 0.32 | AE7: 0.27 | AG7: 0.2 | AH7: 1.422 | AI7: 1.398 | AJ7: 1.373 | AK7: 1.344 | AL7: 1.313 | AM7: 1.287
A8: 0.0006 | B8: 2.856 | D8: -2 | E8: 0.9553 | J8: 0.0035 | K8: 2.432 | L8: 2.81 | M8: 2.987 | N8: 3.183 | P8: 14 | Q8: 106.14 | R8: 118.86 | S8: 131.42 | T8: 143.85 | U8: 156.18 | V8: 168.43 | W8: 180.61 | X8: 204.82 | Y8: 0.3 | Z8: 0.81 | AA8: 0.62 | AB8: 0.51 | AC8: 0.43 | AD8: 0.38 | AE8: 0.33 | AG8: 0.3 | AH8: 1.404 | AI8: 1.372 | AJ8: 1.343 | AK8: 1.316 | AL8: 1.289 | AM8: 1.267
A9: 0.0007 | B9: 2.749 | D9: -1.9 | E9: 0.9395 | J9: 0.004 | K9: 2.341 | L9: 2.701 | M9: 2.865 | N9: 3.056 | P9: 16 | Q9: 111.78 | R9: 125.54 | S9: 139.09 | T9: 152.48 | U9: 165.76 | V9: 178.93 | W9: 192.02 | X9: 218.02 | Y9: 0.4 | Z9: 0.86 | AA9: 0.67 | AB9: 0.57 | AC9: 0.49 | AD9: 0.44 | AE9: 0.39 | AG9: 0.4 | AH9: 1.385 | AI9: 1.349 | AJ9: 1.321 | AK9: 1.296 | AL9: 1.274 | AM9: 1.257
A10: 0.0008 | B10: 2.659 | D10: -1.8 | E10: 0.9233 | J10: 0.0045 | K10: 2.274 | L10: 2.617 | M10: 2.775 | N10: 2.956 | P10: 18 | Q10: 116.79 | R10: 131.53 | S10: 146.03 | T10: 160.35 | U10: 174.53 | V10: 188.59 | W10: 202.55 | X10: 230.25 | Y10: 0.5 | Z10: 0.92 | AA10: 0.73 | AB10: 0.64 | AC10: 0.56 | AD10: 0.51 | AE10: 0.45 | AG10: 0.5 | AH10: 1.368 | AI10: 1.332 | AJ10: 1.306 | AK10: 1.283 | AL10: 1.265 | AM10: 1.25
A11: 0.0009 | B11: 2.582 | D11: -1.7 | E11: 0.9048 | J11: 0.005 | K11: 2.207 | L11: 2.533 | M11: 2.686 | N11: 2.869 | P11: 20 | Q11: 121.24 | R11: 136.93 | S11: 152.36 | T11: 167.57 | U11: 182.62 | V11: 197.53 | W11: 212.33 | X11: 241.66 | Y11: 0.6 | Z11: 0.98 | AA11: 0.8 | AB11: 0.7 | AC11: 0.63 | AD11: 0.58 | AE11: 0.52 | AG11: 0.6 | AH11: 1.351 | AI11: 1.316 | AJ11: 1.293 | AK11: 1.275 | AL11: 1.259 | AM11: 1.246
A12: 0.001 | B12: 2.515 | D12: -1.6 | E12: 0.8835 | J12: 0.006 | K12: 2.103 | L12: 2.411 | M12: 2.56 | N12: 2.738 | P12: 22 | Q12: 125.21 | R12: 141.83 | S12: 158.15 | T12: 174.23 | U12: 190.12 | V12: 205.85 | W12: 221.45 | X12: 252.35 | Y12: 0.7 | Z12: 1.04 | AA12: 0.86 | AB12: 0.77 | AC12: 0.7 | AD12: 0.65 | AE12: 0.58 | AG12: 0.7 | AH12: 1.338 | AI12: 1.305 | AJ12: 1.284 | AK12: 1.268 | AL12: 1.255 | AM12: 1.243
A13: 0.0011 | B13: 2.456 | D13: -1.5 | E13: 0.8612 | J13: 0.007 | K13: 2.014 | L13: 2.311 | M13: 2.459 | N13: 2.639 | P13: 24 | Q13: 128.75 | R13: 146.27 | S13: 163.47 | T13: 180.39 | U13: 197.1 | V13: 213.62 | W13: 230 | X13: 262.42 | Y13: 0.8 | Z13: 1.1 | AA13: 0.93 | AB13: 0.84 | AC13: 0.77 | AD13: 0.72 | AE13: 0.64 | AG13: 0.8 | AH13: 1.326 | AI13: 1.297 | AJ13: 1.278 | AK13: 1.265 | AL13: 1.253 | AM13: 1.242
A14: 0.0012 | B14: 2.404 | D14: -1.4 | E14: 0.8366 | J14: 0.008 | K14: 1.933 | L14: 2.228 | M14: 2.379 | N14: 2.567 | P14: 26 | Q14: 131.93 | R14: 150.32 | S14: 168.36 | T14: 186.11 | U14: 203.61 | V14: 220.91 | W14: 238.05 | X14: 271.94 | Y14: 0.9 | Z14: 1.17 | AA14: 1 | AB14: 0.92 | AC14: 0.84 | AD14: 0.79 | AE14: 0.7 | AG14: 0.9 | AH14: 1.316 | AI14: 1.288 | AJ14: 1.273 | AK14: 1.261 | AL14: 1.252 | AM14: 1.243
A15: 0.0013 | B15: 2.357 | D15: -1.3 | E15: 0.8071 | J15: 0.009 | K15: 1.861 | L15: 2.159 | M15: 2.312 | N15: 2.499 | Y15: 1 | Z15: 1.23 | AA15: 1.07 | AB15: 0.99 | AC15: 0.91 | AD15: 0.85 | AE15: 0.75 | AG15: 1 | AH15: 1.308 | AI15: 1.283 | AJ15: 1.269 | AK15: 1.26 | AL15: 1.253 | AM15: 1.244
A16: 0.0014 | B16: 2.314 | D16: -1.2 | E16: 0.7792 | J16: 0.01 | K16: 1.809 | L16: 2.108 | M16: 2.262 | N16: 2.445 | Y16: 1.1 | Z16: 1.3 | AA16: 1.14 | AB16: 1.06 | AC16: 0.98 | AD16: 0.92 | AE16: 0.81 | AG16: 1.1 | AH16: 1.301 | AI16: 1.278 | AJ16: 1.266 | AK16: 1.259 | AL16: 1.255 | AM16: 1.248
A17: 0.0015 | B17: 2.275 | D17: -1.1 | E17: 0.7485 | F17: 0.7896 | J17: 0.012 | K17: 1.722 | L17: 2.019 | M17: 2.173 | N17: 2.362 | Y17: 1.2 | Z17: 1.37 | AA17: 1.22 | AB17: 1.14 | AC17: 1.05 | AD17: 0.98 | AE17: 0.86 | AG17: 1.2 | AH17: 1.295 | AI17: 1.274 | AJ17: 1.265 | AK17: 1.261 | AL17: 1.259 | AM17: 1.252
A18: 0.0016 | B18: 2.239 | D18: -1 | E18: 0.7159 | F18: 0.7532 | J18: 0.014 | K18: 1.663 | L18: 1.959 | M18: 2.117 | N18: 2.309 | Y18: 1.3 | Z18: 1.43 | AA18: 1.29 | AB18: 1.21 | AC18: 1.13 | AD18: 1.04 | AE18: 0.91 | AG18: 1.3 | AH18: 1.29 | AI18: 1.272 | AJ18: 1.264 | AK18: 1.262 | AL18: 1.265 | AM18: 1.257
A19: 0.0017 | B19: 2.205 | D19: -0.9 | E19: 0.6818 | F19: 0.7174 | J19: 0.016 | K19: 1.614 | L19: 1.912 | M19: 2.072 | N19: 2.27 | Y19: 1.4 | Z19: 1.5 | AA19: 1.37 | AB19: 1.29 | AC19: 1.2 | AD19: 1.1 | AE19: 0.95 | AG19: 1.4 | AH19: 1.285 | AI19: 1.27 | AJ19: 1.264 | AK19: 1.267 | AL19: 1.272 | AM19: 1.265
A20: 0.0018 | B20: 2.174 | D20: -0.8 | E20: 0.6481 | F20: 0.6819 | J20: 0.018 | K20: 1.576 | L20: 1.879 | M20: 2.037 | N20: 2.24 | Y20: 1.5 | Z20: 1.58 | AA20: 1.44 | AB20: 1.36 | AC20: 1.27 | AD20: 1.16 | AE20: 1 | AG20: 1.5 | AH20: 1.282 | AI20: 1.269 | AJ20: 1.265 | AK20: 1.273 | AL20: 1.283 | AM20: 1.273
A21: 0.0019 | B21: 2.145 | D21: -0.7 | E21: 0.6143 | F21: 0.65 | J21: 0.02 | K21: 1.544 | L21: 1.849 | M21: 2.004 | N21: 2.216 | Y21: 1.6 | Z21: 1.65 | AA21: 1.52 | AB21: 1.44 | AC21: 1.34 | AD21: 1.22 | AE21: 1.05 | AG21: 1.6 | AH21: 1.279 | AI21: 1.268 | AJ21: 1.267 | AK21: 1.28 | AL21: 1.295 | AM21: 1.282
A22: 0.002 | B22: 2.119 | D22: -0.6 | E22: 0.5787 | F22: 0.618 | G22: 0.6685 | J22: 0.025 | K22: 1.493 | L22: 1.808 | M22: 1.965 | N22: 2.188 | Y22: 1.7 | Z22: 1.72 | AA22: 1.59 | AB22: 1.51 | AC22: 1.4 | AD22: 1.28 | AE22: 1.09 | AG22: 1.7 | AH22: 1.277 | AI22: 1.268 | AJ22: 1.271 | AK22: 1.289 | AL22: 1.307 | AM22: 1.29
A23: 0.0021 | B23: 2.094 | D23: -0.5 | E23: 0.5428 | F23: 0.5847 | G23: 0.6292 | J23: 0.03 | K23: 1.46 | L23: 1.788 | M23: 1.954 | N23: 2.187 | Y23: 1.8 | Z23: 1.8 | AA23: 1.67 | AB23: 1.59 | AC23: 1.47 | AD23: 1.33 | AE23: 1.13 | AG23: 1.8 | AH23: 1.274 | AI23: 1.268 | AJ23: 1.277 | AK23: 1.3 | AL23: 1.32 | AM23: 1.298
A24: 0.0022 | B24: 2.07 | D24: -0.4 | E24: 0.5092 | F24: 0.5509 | G24: 0.5953 | J24: 0.035 | K24: 1.442 | L24: 1.784 | M24: 1.963 | N24: 2.201 | Y24: 1.9 | Z24: 1.87 | AA24: 1.74 | AB24: 1.66 | AC24: 1.53 | AD24: 1.38 | AE24: 1.17 | AG24: 1.9 | AH24: 1.272 | AI24: 1.27 | AJ24: 1.284 | AK24: 1.313 | AL24: 1.334 | AM24: 1.306
A25: 0.0023 | B25: 2.047 | D25: -0.3 | E25: 0.4768 | F25: 0.5171 | G25: 0.5613 | J25: 0.4 | K25: 1.442 | L25: 1.797 | M25: 1.988 | N25: 2.231 | Y25: 2 | Z25: 1.95 | AA25: 1.82 | AB25: 1.73 | AC25: 1.59 | AD25: 1.42 | AE25: 1.21 | AG25: 2 | AH25: 1.271 | AI25: 1.272 | AJ25: 1.291 | AK25: 1.326 | AL25: 1.346 | AM25: 1.314
A26: 0.0024 | B26: 2.025 | D26: -0.2 | E26: 0.444 | F26: 0.4835 | G26: 0.5259 | J26: 0.045 | K26: 1.451 | L26: 1.821 | M26: 2.027 | N26: 2.276 | Y26: 2.1 | Z26: 2.02 | AA26: 1.89 | AB26: 1.8 | AC26: 1.64 | AD26: 1.46 | AE26: 1.24 | AG26: 2.1 | AH26: 1.271 | AI26: 1.275 | AJ26: 1.301 | AK26: 1.34 | AL26: 1.357 | AM26: 1.321
A27: 0.0025 | B27: 2.005 | D27: -0.1 | E27: 0.4111 | F27: 0.4499 | G27: 0.4901 | J27: 0.05 | K27: 1.469 | L27: 1.858 | M27: 2.085 | N27: 2.348 | Y27: 2.2 | Z27: 2.1 | AA27: 1.97 | AB27: 1.86 | AC27: 1.69 | AD27: 1.5 | AE27: 1.27 | AG27: 2.2 | AH27: 1.27 | AI27: 1.279 | AJ27: 1.311 | AK27: 1.352 | AL27: 1.368 | AM27: 1.329
A28: 0.0026 | B28: 1.986 | D28: 0 | E28: 0.3782 | F28: 0.4164 | G28: 0.4543 | H28: 0.5793 | J28: 0.06 | K28: 1.532 | L28: 1.979 | M28: 2.262 | N28: 2.526 | Y28: 2.3 | Z28: 2.18 | AA28: 2.05 | AB28: 1.92 | AC28: 1.73 | AD28: 1.53 | AE28: 1.3 | AG28: 2.3 | AH28: 1.27 | AI28: 1.284 | AJ28: 1.323 | AK28: 1.362 | AL28: 1.377 | AM28: 1.335
A29: 0.0027 | B29: 1.967 | D29: 0.1 | E29: 0.3452 | F29: 0.3839 | G29: 0.4219 | H29: 0.539 | J29: 0.07 | K29: 1.657 | L29: 2.156 | M29: 2.467 | N29: 2.753 | Y29: 2.4 | Z29: 2.25 | AA29: 2.12 | AB29: 1.97 | AC29: 1.76 | AD29: 1.56 | AE29: 1.33 | AG29: 2.4 | AH29: 1.271 | AI29: 1.292 | AJ29: 1.334 | AK29: 1.369 | AL29: 1.383 | AM29: 1.342
A30: 0.0028 | B30: 1.95 | D30: 0.2 | E30: 0.3125 | F30: 0.3518 | G30: 0.3909 | H30: 0.5017 | Y30: 2.5 | Z30: 2.33 | AA30: 2.19 | AB30: 2.02 | AC30: 1.79 | AD30: 1.59 | AE30: 1.36 | AG30: 2.5 | AH30: 1.272 | AI30: 1.299 | AJ30: 1.345 | AK30: 1.376 | AL30: 1.388 | AM30: 1.348
A31: 0.0029 | B31: 1.933 | D31: 0.3 | E31: 0.2802 | F31: 0.3187 | G31: 0.3604 | H31: 0.4643 | Y31: 2.6 | Z31: 2.4 | AA31: 2.26 | AB31: 2.06 | AC31: 1.81 | AD31: 1.6 | AE31: 1.38 | AG31: 2.6 | AH31: 1.273 | AI31: 1.308 | AJ31: 1.354 | AK31: 1.38 | AL31: 1.392 | AM31: 1.354
A32: 0.003 | B32: 1.917 | D32: 0.4 | E32: 0.2491 | F32: 0.285 | G32: 0.3303 | H32: 0.4305 | Y32: 2.7 | Z32: 2.47 | AA32: 2.33 | AB32: 2.08 | AC32: 1.82 | AD32: 1.62 | AE32: 1.41 | AG32: 2.7 | AH32: 1.276 | AI32: 1.317 | AJ32: 1.362 | AK32: 1.383 | AL32: 1.395 | AM32: 1.359
A33: 0.0031 | B33: 1.902 | D33: 0.5 | E33: 0.22 | F33: 0.2533 | G33: 0.3003 | H33: 0.3972 | Y33: 2.8 | Z33: 2.54 | AA33: 2.39 | AB33: 2.11 | AC33: 1.82 | AD33: 1.63 | AE33: 1.43 | AG33: 2.8 | AH33: 1.278 | AI33: 1.326 | AJ33: 1.368 | AK33: 1.385 | AL33: 1.397 | AM33: 1.363
A34: 0.0032 | B34: 1.887 | D34: 0.6 | E34: 0.1944 | F34: 0.2255 | G34: 0.2703 | H34: 0.3639 | Y34: 2.9 | Z34: 2.62 | AA34: 2.45 | AB34: 2.12 | AC34: 1.83 | AD34: 1.64 | AE34: 1.45 | AG34: 2.9 | AH34: 1.283 | AI34: 1.336 | AJ34: 1.372 | AK34: 1.387 | AL34: 1.398 | AM34: 1.367
A35: 0.0033 | B35: 1.873 | D35: 0.7 | E35: 0.1692 | F35: 0.1982 | G35: 0.2414 | H35: 0.3332 | Y35: 3 | Z35: 2.69 | AA35: 2.5 | AB35: 2.13 | AC35: 1.83 | AD35: 1.66 | AE35: 1.47 | AG35: 3 | AH35: 1.287 | AI35: 1.343 | AJ35: 1.376 | AK35: 1.389 | AL35: 1.399 | AM35: 1.37
A36: 0.0034 | B36: 1.86 | D36: 0.8 | E36: 0.1465 | F36: 0.1717 | G36: 0.2137 | H36: 0.3037 | Y36: 3.1 | Z36: 2.77 | AA36: 2.53 | AB36: 2.13 | AC36: 1.82 | AD36: 1.66 | AE36: 1.49 | AG36: 3.1 | AH36: 1.291 | AI36: 1.35 | AJ36: 1.379 | AK36: 1.392 | AL36: 1.4 | AM36: 1.373
A37: 0.0035 | B37: 1.847 | D37: 0.9 | E37: 0.1241 | F37: 0.1471 | G37: 0.19 | H37: 0.2763 | Y37: 3.2 | Z37: 2.85 | AA37: 2.55 | AB37: 2.13 | AC37: 1.82 | AD37: 1.66 | AE37: 1.5 | AG37: 3.2 | AH37: 1.297 | AI37: 1.355 | AJ37: 1.382 | AK37: 1.393 | AL37: 1.4 | AM37: 1.376
A38: 0.0036 | B38: 1.834 | D38: 1 | E38: 0.1057 | F38: 0.1265 | G38: 0.1675 | H38: 0.2504 | Y38: 3.3 | Z38: 2.92 | AA38: 2.56 | AB38: 2.12 | AC38: 1.81 | AD38: 1.67 | AE38: 1.52 | AG38: 3.3 | AH38: 1.303 | AI38: 1.36 | AJ38: 1.384 | AK38: 1.394 | AL38: 1.401 | AM38: 1.379
A39: 0.0037 | B39: 1.822 | D39: 1.1 | E39: 0.0873 | F39: 0.1086 | G39: 0.1465 | H39: 0.2261 | Y39: 3.4 | Z39: 2.98 | AA39: 2.56 | AB39: 2.12 | AC39: 1.8 | AD39: 1.67 | AE39: 1.54 | AG39: 3.4 | AH39: 1.309 | AI39: 1.363 | AJ39: 1.386 | AK39: 1.395 | AL39: 1.401 | AM39: 1.381
A40: 0.0038 | B40: 1.81 | D40: 1.2 | E40: 0.073 | F40: 0.0941 | G40: 0.1289 | H40: 0.2041 | Y40: 3.5 | Z40: 3.05 | AA40: 2.55 | AB40: 2.1 | AC40: 1.79 | AD40: 1.67 | AE40: 1.55 | AG40: 3.5 | AH40: 1.316 | AI40: 1.367 | AJ40: 1.388 | AK40: 1.397 | AL40: 1.401 | AM40: 1.383
A41: 0.0039 | B41: 1.799 | D41: 1.3 | E41: 0.0602 | F41: 0.0828 | G41: 0.1113 | H41: 0.1842 | Y41: 3.6 | Z41: 3.11 | AA41: 2.54 | AB41: 2.09 | AC41: 1.78 | AD41: 1.67 | AE41: 1.57 | AG41: 3.6 | AH41: 1.323 | AI41: 1.369 | AJ41: 1.389 | AK41: 1.397 | AL41: 1.401 | AM41: 1.385
... A45: 0.0043 | B45: 1.756 | D45: 1.7 | E45: 0.035 | F45: 0.0568 | G45: 0.081 | H45: 0.1221 | Y45: 4 | Z45: 3.32 | AA45: 2.41 | AB45: 1.98 | AC45: 1.72 | AD45: 1.66 | AE45: 1.61 | AG45: 4 | AH45: 1.345 | AI45: 1.378 | AJ45: 1.391 | AK45: 1.398 | AL45: 1.402 | AM45: 1.389
A46: 0.0044 | B46: 1.746 | D46: 1.8 | E46: 0.035 | F46: 0.0564 | G46: 0.0785 | H46: 0.1143
A47: 0.0045 | B47: 1.737 | D47: 1.9 | E47: 0.035 | F47: 0.056 | G47: 0.0803 | H47: 0.1126
A48: 0.0046 | B48: 1.727 | D48: 2 | E48: 0.035 | F48: 0.0611 | G48: 0.0821 | H48: 0.1113
A49: 0.0047 | B49: 1.718
A50: 0.0048 | B50: 1.709
A51: 0.0049 | B51: 1.701
A52: 0.005 | B52: 1.692
A53: 0.0051 | B53: 1.684
A54: 0.0052 | B54: 1.676
A55: 0.0053 | B55: 1.669
A56: 0.0054 | B56: 1.662
A57: 0.0055 | B57: 1.654
A58: 0.0056 | B58: 1.647
A59: 0.0057 | B59: 1.64
A60: 0.0058 | B60: 1.633
... A732: 1 | B732: 1

Sheet 2.1, 기존시설(50년빈도)
A1: 추자항 파제제 축조공사
A2: 1.1 기본제원검토
A3: 1.1.1 마루높이 검토
A5: 가. 마루높이 결정
A6: 1) 검토방향
B7: ▸ 마루높이는 일반적으로 배후수역의 정온도, 배후 항만시설의 보전등을 감안
B8: 설계조위상 적정한 마루높이로 결정
A10: 2) 검토방법
B11: ▸ 마루높이는 다음의 방법을 고려하여 결정
B12: - 항만 및 어항설계기준에 의한 방법
B13: - 처오름높이에 의한 방법
B14: - 허용월파량에 의한 방법
B15: - 항내 전달파고에 의한 방법
A17: 3) 검토조건
B18: 가) 파랑조건
B19: 구 분 | L19: 파고(H⅓) | Q19: 주기(T⅓) | W19: 설계수심 | AC19: 해저경사 | AI19: 비 고
B20: 기존시설물 | H20: B | L20: 3.5 | Q20: 11.3 | W20: -10 | AC20: =1/50 -> 0.02
H21: C | L21: 4.2 | Q21: 11.3 | W21: =W20 -> -10 | AC21: =AC20 -> 0.02
H22: D | L22: 4 | Q22: 11.3 | W22: -10 | AC22: =AC21 -> 0.02
B24: 나) 조위조건
B25: 구 분 | P25: 조 위 (m) | W25: 조 위 표
B26: 약최고고조위 | I26: Aprox.H.H.W | P26: 3.356
B27: 대조평균고조위 | I27: H.W.O.S.T | P27: 2.904
B28: 평균고조위 | I28: H.W.O.M.T | P28: 2.554
B29: 소조평균고조위 | I29: H.W.O.N.T | P29: 2.204
B30: 평균해면 | I30: M.S.L | P30: 1.678
B31: 소조평균저조위 | I31: L.W.O.N.T | P31: 1.152
B32: 평균저조위 | I32: L.W.O.M.T | P32: 0.802
B33: 대조평균저조위 | I33: L.W.O.S.T | P33: 0.452
B34: 약최저저조위 | I34: Aprox.L.L.W | P34: 0

Sheet 나.마루높이검토(기존시설50년)
A1: 나. 마루높이 검토
A2: 1) 마루높이 산정방법
B3: 구 분 | M3: 산정방법 | AD3: 비 고
B4: 항만 및 어항설계기준 에 의한 방법 | M4: 설계조위 + (0.6 ~ 1.25) H⅓
B5: 처오름높이에 의한 방법 | M5: R = Ho' × R/Ho' × γ × K
B6: 허용월파량에 의한 방법
B7: 파고전달율에 의한 방법 | M7: HT = KTO × HI
B8: 인근 구조물 마루높이
B10: 2) 마루높이 결정
C11: 북측파제제
B12: 구 분 | O12: B구간 | W12: C구간 | AD12: D구간 | AK12: 산정 마루높이
B13: 항만 및 어항 설계기준에 의한 방법 | O13: =AE32 -> 5.46 | S13: ~ | T13: =AK32 -> 7.73 | W13: =AE33 -> 5.88 | Z13: ~ | AA13: =AK33 -> 8.61 | AD13: =AE34 -> 5.76 | AG13: ~ | AH13: =AK34 -> 8.36 | AK13: =U17 -> 0
B14: 처오름 높이에 의한 방법 | O14: =AE85 -> 8.081 | W14: =AE86 -> 9.026 | AD14: =AE87 -> 8.756
B15: 허용월파량에 의한 방법 | O15: =AH138 -> #REF! | W15: =AH140 -> #REF! | AD15: =AH142 -> #REF!
B16: 전달 파고에 의한 방법 | O16: =J201 -> 6 | W16: =J202 -> 6.6 | AD16: =J203 -> 6.4
B17: 인근 구조물 마루높이
B19: 3) 마루높이 검토
C20: 가) 검토조건
B21: 구 분 | J21: 파고(H⅓) | O21: 주기(T⅓) | U21: 설계조위 | AB21: 전면수심 | AI21: 설계수심
B22: 기존 구조물 | F22: =O12 -> B구간 | J22: ='2.1, 기존시설(50년빈도)'!L20 -> 3.5 | O22: ='3.1.1 마루높이 결정(1)'!#REF! -> #REF! | U22: ='3.1.1 마루높이 결정(1)'!P24 -> 3.356 | AB22: ='2.1, 기존시설(50년빈도)'!W20 -> -10 | AI22: =$U$22-AB22 -> 13.356
F23: =W12 -> C구간 | J23: ='2.1, 기존시설(50년빈도)'!L21 -> 4.2 | O23: ='3.1.1 마루높이 결정(1)'!Q19 -> 11.5 | U23: =U22 -> 3.356 | AB23: ='2.1, 기존시설(50년빈도)'!W21 -> -10 | AI23: =$U$22-AB23 -> 13.356
F24: =AD12 -> D구간 | J24: ='2.1, 기존시설(50년빈도)'!L22 -> 4 | O24: ='3.1.1 마루높이 결정(1)'!#REF! -> #REF! | U24: =U23 -> 3.356 | AB24: ='2.1, 기존시설(50년빈도)'!W22 -> -10 | AI24: =$U$22-AB24 -> 13.356
C25: 나) 마루높이 산정
C26: (1) 항만 및 어항설계기준에 의한 방법 (KDS 64 45 20 p.12 참조)
D28: 마루높이 = 설계조위 + (0.6~1.25) · H1/3
B31: 구 분 | J31: 파고(H⅓) | P31: 산정과정 | AE31: 마루높이
B32: =B22 -> 기존 구조물 | F32: =F22 -> B구간 | J32: =J22 -> 3.5 | P32: =U22 -> 3.356 | S32: + | T32: 0.6 | V32: ~ | W32: 1.25 | Z32: × | AA32: =J32 -> 3.5 | AD32: = | AE32: =ROUND(P32+(T32*AA32),2) -> 5.46 | AJ32: ~ | AK32: =ROUND(P32+(W32*AA32),2) -> 7.73
F33: =F23 -> C구간 | J33: =J23 -> 4.2 | P33: =U22 -> 3.356 | S33: + | T33: 0.6 | V33: ~ | W33: 1.25 | Z33: × | AA33: =J33 -> 4.2 | AD33: = | AE33: =ROUND(P33+(T33*AA33),2) -> 5.88 | AJ33: ~ | AK33: =ROUND(P33+(W33*AA33),2) -> 8.61
F34: =F24 -> D구간 | J34: =J24 -> 4 | P34: =U23 -> 3.356 | S34: + | T34: 0.6 | V34: ~ | W34: 1.25 | Z34: × | AA34: =J34 -> 4 | AD34: = | AE34: =ROUND(P34+(T34*AA34),2) -> 5.76 | AJ34: ~ | AK34: =ROUND(P34+(W34*AA34),2) -> 8.36
C36: (2) 처오름높이에 의한 방법 (KDS 64 10 10, p.93 참조)
C37: - 항만 및 어항설계기준상의 처오름높이 산정
D38: 1) 불투과성, 일정한 사면경사, 불규칙파시 처오름높이 산정(Mase, 1989)
B42: Rx | H42: Rmax | N42: R2% | T42: R1/10 | Z42: R1/3 | AF42: 평균R
B43: A | H43: 2.32 | N43: 1.86 | T43: 1.7 | Z43: 1.38 | AF43: 0.88
B44: B | H44: 0.77 | N44: 0.71 | T44: 0.71 | Z44: 0.7 | AF44: 0.69
N45: = | O45: =G51/SQRT((T51/AI51)) -> 0.10307186 | S45: =F32 -> B구간 | W45: , | X45: =G52/SQRT((T52/AI52)) -> 0.10307186 | AB45: =F33 -> C구간 | AF45: , | AG45: =G53/SQRT((T53/AI53)) -> #REF! | AK45: =F34 -> D구간
S46: (채택)
B50: 구분 | G50: 해저경사 | M50: H1/3 | T50: H0 | AA50: T1/3 | AI50: L0
B51: 기존 구조물 | E51: B | G51: ='3.1.1 마루높이 결정(1)'!AC19 -> 0.02 | M51: =J32 -> 3.5 | T51: 7.5 | AA51: ='2.1, 기존시설(50년빈도)'!Q20 -> 11.3 | AI51: =1.56*AA51^2 -> 199.1964
E52: C | G52: ='3.1.1 마루높이 결정(1)'!AC19 -> 0.02 | M52: =J33 -> 4.2 | T52: 7.5 | AA52: ='2.1, 기존시설(50년빈도)'!Q21 -> 11.3 | AI52: =1.56*AA52^2 -> 199.1964
E53: D | G53: ='3.1.1 마루높이 결정(1)'!AC19 -> 0.02 | M53: =J34 -> 4 | T53: 7.5 | AA53: ='3.1.1 마루높이 결정(1)'!#REF! -> #REF! | AI53: =1.56*AA53^2 -> #REF!
C54: R1/3 | E54: = | F54: H1/3 | H54: × | I54: ( | J54: 0.25 | L54: + | M54: 1.1 | O54: × | P54: ξ | R54: ( | S54: =O45 -> 0.10307186 | V54: ) | W54: ) | X54: = | Y54: =M51*(J54+M54*O45) -> 1.2718267 | AB54: =S45 -> B구간
C55: R1/3 | E55: = | F55: H1/3 | H55: × | I55: ( | J55: 0.25 | L55: + | M55: 1.1 | O55: × | P55: ξ | R55: ( | S55: =X45 -> 0.10307186 | V55: ) | W55: ) | X55: = | Y55: =M52*(J55+M55*X45) -> 1.526192 | AB55: =AB45 -> C구간
C56: R1/3 | E56: = | F56: H1/3 | H56: × | I56: ( | J56: 0.25 | L56: + | M56: 1.1 | O56: × | P56: ξ | R56: ( | S56: =AG45 -> #REF! | V56: ) | W56: ) | X56: = | Y56: =M53*(J56+M56*AG45) -> #REF! | AB56: =AK45 -> D구간
B58: 구분 | M58: Aprox H.H.W | V58: R(처오름높이) | AE58: 마루높이
B59: =B51 -> 기존 구조물 | G59: =E51 -> B | M59: ='3.1.1 마루높이 결정(1)'!P24 -> 3.356 | V59: =Y54 -> 1.2718267 | AE59: =M59+V59 -> 4.6278267
G60: =E52 -> C | M60: =M59 -> 3.356 | V60: =Y55 -> 1.526192 | AE60: =M60+V60 -> 4.882192
G61: =E53 -> D | M61: =M60 -> 3.356 | V61: =Y56 -> #REF! | AE61: =M61+V61 -> #REF!
C63: 2) 피복석 사면의 처오름높이 산정(C.E.M, 2006)
Q66: (채택)
H68: ( | I68: =AD78 -> 1.35 | K68: / | L68: =AD76 -> 0.88 | N68: ) | O68: =1/AD77 -> 2.4390244 | Q68: (R1/3 적용) | V68: = | W68: =(I68/L68)^O68 -> 2.8398497
B69: 구분 | G69: tanβ | M69: H1/3 | T69: T1/3 | AA69: L0 | AI69: ξm
B70: =B59 -> 기존 구조물 | E70: =G59 -> B | G70: =1/1.5 -> 0.66666667 | M70: =M51 -> 3.5 | T70: =AA51 -> 11.3 | AA70: =AI51 -> 199.1964 | AI70: =G70/SQRT((2*3.14*M70)/(9.81*T70^2)) -> 5.0327788
E71: =G60 -> C | G71: =1/1.5 -> 0.66666667 | M71: =M52 -> 4.2 | T71: =AA52 -> 11.3 | AA71: =AI52 -> 199.1964 | AI71: =G71/SQRT((2*3.14*M71)/(9.81*T71^2)) -> 4.5942775
E72: =G61 -> D | G72: =1/1.5 -> 0.66666667 | M72: =M53 -> 4 | T72: =AA53 -> #REF! | AA72: =AI53 -> #REF! | AI72: =G72/SQRT((2*3.14*M72)/(9.81*T72^2)) -> #REF!
B74: Rx | I74: Rmax | P74: R2% | W74: R1/10 | AD74: R1/3 | AK74: 평균R
B75: A | I75: 1.12 | P75: 0.96 | W75: 0.77 | AD75: 0.72 | AK75: 0.47
B76: B | I76: 1.34 | P76: 1.17 | W76: 0.94 | AD76: 0.88 | AK76: 0.6
B77: C | I77: 0.55 | P77: 0.46 | W77: 0.42 | AD77: 0.41 | AK77: 0.34
B78: D | I78: 2.58 | P78: 1.97 | W78: 1.45 | AD78: 1.35 | AK78: 0.82
C80: R1/3 | E80: = | F80: D | H80: × | I80: H1/3 | L80: = | M80: =AD78 -> 1.35 | O80: × | P80: =M70 -> 3.5 | S80: = | T80: =M80*P80 -> 4.725 | Y80: (50년) | AD80: (B)
C81: R1/3 | E81: = | F81: D | H81: × | I81: H1/3 | L81: = | M81: =AD78 -> 1.35 | O81: × | P81: =M71 -> 4.2 | S81: = | T81: =M81*P81 -> 5.67 | Y81: (50년) | AD81: (C)
C82: R1/3 | E82: = | F82: D | H82: × | I82: H1/3 | L82: = | M82: =AD78 -> 1.35 | O82: × | P82: =M72 -> 4 | S82: = | T82: =M82*P82 -> 5.4 | Y82: (50년) | AD82: (D)
B84: 구분 | M84: Aprox H.H.W | V84: R(처오름높이) | AE84: 마루높이
B85: =B59 -> 기존 구조물 | G85: =E70 -> B | M85: =M60 -> 3.356 | V85: =T80 -> 4.725 | AE85: =M85+V85 -> 8.081
G86: =E71 -> C | M86: =M85 -> 3.356 | V86: =T81 -> 5.67 | AE86: =M86+V86 -> 9.026
G87: =E72 -> D | M87: =M86 -> 3.356 | V87: =T82 -> 5.4 | AE87: =M87+V87 -> 8.756
C90: (3) 월파에 의한 파고 전달율 (KDS 64 10 10, p.100참조)
D91: 배후지 중요도를 고려한 허용월파량
D92: 구분 | AE92: 월파량(㎥/m*s) | AK92: 적용
D93: 배후에 민가, 공공시설 밀집으로 월파, 물보라등의 유입으로 중대한 재해가 예상되는 지역 | AE93: 0.01
D95: 기타 중요한 지역 | AE95: 0.02
D96: 기타지역 | AE96: 0.02~0.06 | AK96: O
D125: 소파호안의 월파유량 산정도(해저경사 1:50)
D126: * 월파량 산정도를 이용한 월파유량 보간
C127: 구분 | K127: H0'/L0
C128: =B32 -> 기존 구조물 | H128: B | K128: 0.017 | W128: 0.036 | AF128: =F138 -> #REF!
K129: 1.32 | W129: 1.18 | AF129: =W129+(K129-W129)/(W128-K128)*(W128-AF128) -> #REF!
H130: C | K130: 0.017 | W130: 0.036 | AF130: =F140 -> #REF!
K131: 1.34 | W131: 1.15 | AF131: =W131+(K131-W131)/(W130-K130)*(W130-AF130) -> #REF!
H132: D | K132: 0.017 | W132: 0.036 | AF132: =F142 -> #REF!
K133: 1.3 | W133: 1.15 | AF133: =W133+(K133-W133)/(W132-K132)*(W132-AF132) -> #REF!
D135: * 월파량 산정
C136: 구분 | F136: H0'/L0 | I136: 허용 월파량 | M136: h/H0' | P136: q/√(2g(Ho')3 | U136: hc/H0' | X136: hc | Z136: 설계 조위 | AC136: 마루높이 (설계조위+hc) | AH136: 마루높이 결정
C138: =H128 -> B | F138: =AD147/O147 -> #REF! | I138: 0.06 | M138: =J147/AD147 -> #REF! | P138: =I138/SQRT(2*9.818*AD147^3) -> #REF! | U138: =AF129 -> #REF! | X138: =U138*AD147 -> #REF! | Z138: =U22 -> 3.356 | AC138: =X138+Z138 -> #REF! | AH138: =AC138 -> #REF!
C140: =H130 -> C | F140: =AD148/O148 -> #REF! | I140: 0.06 | M140: =J148/AD148 -> #REF! | P140: =I140/SQRT(2*9.818*AD147^3) -> #REF! | U140: =AF131 -> #REF! | X140: =U140*AD148 -> #REF! | Z140: =Z138 -> 3.356 | AC140: =X140+Z140 -> #REF! | AH140: =AC140 -> #REF!
C142: =H132 -> D | F142: =AD149/O149 -> #REF! | I142: =0.06 -> 0.06 | M142: =J149/AD149 -> #REF! | P142: =I142/SQRT(2*9.818*AD149^3) -> #REF! | U142: =AF133 -> #REF! | X142: =U142*AD149 -> #REF! | Z142: =Z140 -> 3.356 | AC142: =X142+Z142 -> #REF! | AH142: =AC142 -> #REF!
C145: ● | D145: 환산심해파고(Ho') 산정
B146: 구 분 | J146: ds(m) | O146: Lo(m) | T146: ds/Lo | Y146: H⅓/Ho' | AD146: Ho' | AI146: ds/Ho' | AN146: 비고
B147: =C128 -> 기존 구조물 | F147: =C138 -> B | J147: =AI22 -> 13.356 | O147: =ROUND(1.56*O22^2,2) -> #REF! | T147: =ROUND(J147/O147,4) -> #REF! | Y147: =VLOOKUP(T147,#REF!,2) -> #REF! | AD147: =ROUND(J32/Y147,2) -> #REF! | AI147: =ROUND(J147/AD147,2) -> #REF!
F148: =C140 -> C | J148: =AI23 -> 13.356 | O148: =ROUND(1.56*O23^2,2) -> 206.31 | T148: =ROUND(J148/O148,4) -> 0.0647 | Y148: =VLOOKUP(T148,#REF!,2) -> #REF! | AD148: =ROUND(J33/Y148,2) -> #REF! | AI148: =ROUND(J148/AD148,2) -> #REF!
F149: =C142 -> D | J149: =AI24 -> 13.356 | O149: =ROUND(1.56*O24^2,2) -> #REF! | T149: =ROUND(J149/O149,4) -> #REF! | Y149: =VLOOKUP(T149,#REF!,2) -> #REF! | AD149: =ROUND(J34/Y149,2) -> #REF! | AI149: =ROUND(J149/AD149,2) -> #REF!
C152: (4) 전달파고에 의한 방법 (KDS 64 10 10 p.107참조)
C153: - 전달파고 결정기준
E155: 전달 파고 (HT) = KTO × HI
F156: 여기서, | J156: KTO | K156: : 월파에 의한 파고 전달율
J157: HI | K157: : 입사 파고
J158: HT | K158: : 전달 파고
G170: 여기서, | K170: R | L170: : 처오름높이 | Z170: Θ | AB170: : 방파제 항외측 사면 경사각
K171: Ho' | L171: : 입사파고 | Z171: tanΘ | AB171: = | AC171: 1 | AD171: : | AE171: 1.5 | AG171: = | AH171: =ROUND(1/1.5,2) -> 0.67
...

Sheet 1.1.2 쇄파대 검토(기존시설50년)
A1: 1.1.2 쇄파대 검토 | AR1: *지우지말것
A2: 1) SPM에 의한 쇄파대산정
B3: 가) 산정조건
B4: 구 간 | L4: ='2.1, 기존시설(50년빈도)'!I26 -> Aprox.H.H.W | R4: 구조물 축조 수심 (Aprox.H.H.W 기준) | AB4: 파랑조건 | BF4: 전면수심
AB5: 파 고 | AG5: 주 기 | AL5: 심해파장 | AV5: 구간 길이
B6: 기존시설물 | H6: B | L6: ='2.1, 기존시설(50년빈도)'!P26 -> 3.356 | R6: =L6-BF6 -> 13.356 | AB6: ='나.마루높이검토(기존시설50년)'!J22 -> 3.5 | AG6: ='나.마루높이검토(기존시설50년)'!O22 -> #REF! | AL6: =ROUND(1.56*AG6^2,2) -> #REF! | AV6: 30 | AY6: m | BF6: ='나.마루높이검토(기존시설50년)'!AB22 -> -10
H7: C | L7: ='2.1, 기존시설(50년빈도)'!P26 -> 3.356 | R7: =L7-BF7 -> 13.356 | AB7: ='나.마루높이검토(기존시설50년)'!J23 -> 4.2 | AG7: ='나.마루높이검토(기존시설50년)'!O23 -> 11.5 | AL7: =ROUND(1.56*AG7^2,2) -> 206.31 | AV7: 70 | AY7: m | BF7: ='나.마루높이검토(기존시설50년)'!AB23 -> -10
H8: D | L8: ='2.1, 기존시설(50년빈도)'!P26 -> 3.356 | R8: =L8-BF8 -> 13.356 | AB8: ='나.마루높이검토(기존시설50년)'!J24 -> 4 | AG8: ='나.마루높이검토(기존시설50년)'!O24 -> #REF! | AL8: =ROUND(1.56*AG8^2,2) -> #REF! | BF8: ='나.마루높이검토(기존시설50년)'!AB24 -> -10
AV9: 20 | AY9: m
AR10: 총길이 : | AV10: =SUM(AV6:AX9) -> 120 | AY10: m | BA10: =ROUND((AV6*BF6+AV7*BF7+#REF!*#REF!+AV9*BF9)/AV10,2) -> #REF!
B11: 나) 환산심해파고산정
B12: 구 간 | L12: 종 류 | P12: 해저경사(m) | V12: ds/Lo | AB12: H1/3/Ho' | AI12: 환산심해파고(Ho')
AR13: m(적용)
B14: =B6 -> 기존시설물 | H14: =H6 -> B | L14: 혼성제 | P14: =AR14 -> 0.02 | V14: =ROUND(R6/AL6,4) -> #REF! | AB14: =IF(L14="혼성제",VLOOKUP(V14,'C-1(혼성제) (2)'!$A$3:$B$732,2),IF(L14="경사제",VLOOKUP(V14,'C-1(경사제) (2)'!$A$3:$B$732,2),"에러..")) -> #REF! | AI14: =ROUND(AB6/AB14,2) -> #REF! | AR14: =AW18 -> 0.02
H15: =H7 -> C | L15: 혼성제 | P15: =AR15 -> 0.02 | V15: =ROUND(R7/AL7,4) -> 0.0647 | AB15: =IF(L15="혼성제",VLOOKUP(V15,'C-1(혼성제) (2)'!$A$3:$B$732,2),IF(L15="경사제",VLOOKUP(V15,'C-1(경사제) (2)'!$A$3:$B$732,2),"에러..")) -> 0.9837 | AI15: =ROUND(AB7/AB15,2) -> 4.27 | AR15: =AW18 -> 0.02
H16: =H8 -> D | L16: 혼성제 | P16: =AR16 -> 0.02 | V16: =ROUND(R8/AL8,4) -> #REF! | AB16: =IF(L16="혼성제",VLOOKUP(V16,'C-1(혼성제) (2)'!$A$3:$B$732,2),IF(L16="경사제",VLOOKUP(V16,'C-1(경사제) (2)'!$A$3:$B$732,2),"에러..")) -> #REF! | AI16: =ROUND(AB8/AB16,2) -> #REF! | AR16: =AW18 -> 0.02
AR17: =BA18 -> 0.033
B18: 다) 쇄파수심 산정 | AR18: 기준 경사m : | AW18: 0.02 | AZ18: , | BA18: 0.033 | BD18: , | BE18: 0.05 | BH18: , | BI18: 0.1
AV19: ( | AW19: 1/50 | AZ19: , | BA19: 1/30 | BD19: , | BE19: 1/20 | BH19: , | BI19: 1/10 | BL19: )
E34: Shore Protection Manual p.7-7, Figure 7-3참조
B37: 구 간 | L37: Ho'/gT2 | V37: Hb/Ho' | AF37: 쇄파수심(Hb)
B39: =B14 -> 기존시설물 | H39: =H14 -> B | L39: =ROUND(ABS(AI14)/(9.81*AG6^2),4) -> #REF! | V39: =+VLOOKUP(L39,'C-1(경사제) (2)'!$L$3:$P$111,IF(AR14=0.02,2,IF(AR14=0.033,3,IF(AR14=0.05,4,IF(AR14=0.1,5,6)))),0) -> #REF! | AF39: =V39*AI14 -> #REF!
H40: =H15 -> C | L40: =ROUND(ABS(AI15)/(9.81*AG7^2),4) -> 0.0033 | V40: =+VLOOKUP(L40,'C-1(경사제) (2)'!$L$3:$P$111,IF(AR15=0.02,2,IF(AR15=0.033,3,IF(AR15=0.05,4,IF(AR15=0.1,5,6)))),0) -> 1.18 | AF40: =V40*AI15 -> 5.0386
H41: =H16 -> D | L41: =ROUND(ABS(AI16)/(9.81*AG8^2),4) -> #REF! | V41: =+VLOOKUP(L41,'C-1(경사제) (2)'!$L$3:$P$111,IF(AR16=0.02,2,IF(AR16=0.033,3,IF(AR16=0.05,4,IF(AR16=0.1,5,6)))),0) -> #REF! | AF41: =V41*AI16 -> #REF!
D70: Shore Protection Manual p.7-7, Figure 7-2참조
B72: 구 간 | K72: Hb/gT2 | S72: α | Y72: β | AE72: (db)max (α×Hb) | AK72: (db)min (β×Hb)
AR74: m
B75: =B39 -> 기존시설물 | G75: =H39 -> B | K75: =ROUND(ABS(AF39)/(9.81*AG6^2),4) -> #REF! | S75: =+VLOOKUP(K75,'C-1(경사제) (2)'!$R$4:$S$183,2) -> #REF! | Y75: =+VLOOKUP(K75,'C-1(경사제) (2)'!$R$4:$X$183,IF(AR75=0.01,3,IF(AR75=0.02,4,IF(AR75=0.033,5,IF(AR75=0.05,6,IF(AR75=0.1,7,8))))),0) -> #REF! | AE75: =ABS(S75*AF39) -> #REF! | AK75: =ABS(Y75*AF39) -> #REF! | AR75: =P14 -> 0.02
G76: =H40 -> C | K76: =ROUND(ABS(AF40)/(9.81*AG7^2),4) -> 0.0039 | S76: =+VLOOKUP(K76,'C-1(경사제) (2)'!$R$4:$S$183,2) -> 1.52 | Y76: =+VLOOKUP(K76,'C-1(경사제) (2)'!$R$4:$X$183,IF(AR76=0.01,3,IF(AR76=0.02,4,IF(AR76=0.033,5,IF(AR76=0.05,6,IF(AR76=0.1,7,8))))),0) -> 1.145 | AE76: =ABS(S76*AF40) -> 7.658672 | AK76: =ABS(Y76*AF40) -> 5.769197 | AR76: =P15 -> 0.02
G77: =H41 -> D | K77: =ROUND(ABS(AF41)/(9.81*AG8^2),4) -> #REF! | S77: =+VLOOKUP(K77,'C-1(경사제) (2)'!$R$4:$S$183,2) -> #REF! | Y77: =+VLOOKUP(K77,'C-1(경사제) (2)'!$R$4:$X$183,IF(AR77=0.01,3,IF(AR77=0.02,4,IF(AR77=0.033,5,IF(AR77=0.05,6,IF(AR77=0.1,7,8))))),0) -> #REF! | AE77: =ABS(S77*AF41) -> #REF! | AK77: =ABS(Y77*AF41) -> #REF! | AR77: =P16 -> 0.02
AR78: =P17 -> 0
B80: 라) 쇄파대 판정
B81: 구 간 | K81: 구조물 축조 수심 | S81: 쇄파대 구간 | AH81: 쇄파대 판정
B82: =B75 -> 기존시설물 | G82: =G75 -> B | K82: =R6 -> 13.356 | S82: =AK75 -> #REF! | Z82: ∼ | AA82: =AE75 -> #REF! | AH82: =IF(AND(K82>=S82, K82<=AA82),"쇄파대","비쇄파대") -> #REF!
G83: =G76 -> C | K83: =R7 -> 13.356 | S83: =AK76 -> 5.769197 | Z83: ∼ | AA83: =AE76 -> 7.658672 | AH83: =IF(AND(K83>=S83, K83<=AA83),"쇄파대","비쇄파대") -> 비쇄파대
G84: =G77 -> D | K84: =R8 -> 13.356 | S84: =AK77 -> #REF! | Z84: ∼ | AA84: =AE77 -> #REF! | AH84: =IF(AND(K84>=S84, K84<=AA84),"쇄파대","비쇄파대") -> #REF!
A87: 2) 항만 및 어항 설계기준에 의한 방법
B88: 가) 쇄파수심 산정
B89: 구 간 | K89: 심해파장 Lo | P89: 환산심해파고 Ho' | V89: 해저경사 m | AA89: Ho'/Lo | AF89: (h1/3)peak/Ho' | AL89: 쇄파수심 (h1/3)peak
AR90: h/LO | AV90: H/H'O | AZ90: H'O | BE90: 20 | BF90: 30 | BG90: 100
B91: =B82 -> 기존시설물 | G91: =G82 -> B | K91: =AL6 -> #REF! | P91: =AZ91 -> 1.22 | V91: =P14 -> 0.02 | AA91: =P91/K91 -> #REF! | AF91: 2.6 | AL91: =AF91*P91 -> 3.172 | AR91: =R6/K91 -> #REF! | AV91: =BF91 -> 2.88 | AZ91: =ROUND(AB6/AV91,2) -> 1.22 | BE91: 2.9 | BF91: =ROUND(BG91+(($BG$90-$BF$90)*(BE91-BG91)/($BG$90-$BE$90)),2) -> 2.88 | BG91: 2.72 | BI91: H/H'O
G92: =G83 -> C | K92: =AL7 -> 206.31 | P92: =AZ92 -> 2.13 | V92: =P15 -> 0.02 | AA92: =P92/K92 -> 0.010324269 | AF92: 2.1 | AL92: =AF92*P92 -> 4.473 | AR92: =R7/K92 -> 0.064737531 | AV92: =BF92 -> 1.97 | AZ92: =ROUND(AB7/AV92,2) -> 2.13 | BE92: 1.98 | BF92: =ROUND(BG92+(($BG$90-$BF$90)*(BE92-BG92)/($BG$90-$BE$90)),2) -> 1.97 | BG92: 1.9 | BI92: H/H'O
G93: =G84 -> D | K93: =AL8 -> #REF! | P93: =AZ93 -> 2.03 | V93: =P16 -> 0.02 | AA93: =P93/K93 -> #REF! | AF93: 2 | AL93: =AF93*P93 -> 4.06 | AR93: =R8/K93 -> #REF! | AV93: =BF93 -> 1.97 | AZ93: =ROUND(AB8/AV93,2) -> 2.03 | BE93: 1.98 | BF93: =ROUND(BG93+(($BG$90-$BF$90)*(BE93-BG93)/($BG$90-$BE$90)),2) -> 1.97 | BG93: 1.9 | BI93: H/H'O
AR94: =R9/K94 -> #DIV/0! | AV94: =BF94 -> 1.59 | AZ94: =ROUND(AB9/AV94,2) -> 0 | BE94: 1.6 | BF94: =ROUND(BG94+(($BG$90-$BF$90)*(BE94-BG94)/($BG$90-$BE$90)),2) -> 1.59 | BG94: 1.52 | BI94: H/H'O
B96: 나) 쇄파대 판정
B97: 구 간 | K97: 구조물 축조 수심 | S97: 도표에 의한 방법 | AH97: 쇄파대 판정
B98: =B91 -> 기존시설물 | G98: =G91 -> B | K98: =K82 -> 13.356 | S98: =AL91 -> 3.172 | AH98: =IF(K98<=S98,"쇄파대","비쇄파대") -> 비쇄파대
G99: =G92 -> C | K99: =K83 -> 13.356 | S99: =AL92 -> 4.473 | AH99: =IF(K99<=S99,"쇄파대","비쇄파대") -> 비쇄파대
G100: =G93 -> D | K100: =K84 -> 13.356 | S100: =AL93 -> 4.06 | AH100: =IF(K100<=S100,"쇄파대","비쇄파대") -> 비쇄파대
A102: 3) 쇄파대 결정(H.W.L)
B103: 구 간 | K103: 구조물 축조 수심 | Q103: 쇄파대 | AK103: 쇄파대 결정
Q104: S.P.M | AD104: 설계기준
B105: =B98 -> 기존시설물 | G105: =G98 -> B | K105: =K98 -> 13.356 | Q105: =S82 -> #REF! | W105: ∼ | X105: =AA82 -> #REF! | AD105: =S98 -> 3.172 | AK105: =IF(K105<=AD105,"쇄파대","비쇄파대") -> 비쇄파대
G106: =G99 -> C | K106: =K99 -> 13.356 | Q106: =S83 -> 5.769197 | W106: ∼ | X106: =AA83 -> 7.658672 | AD106: =S99 -> 4.473 | AK106: =IF(K106<=X106,"쇄파대","비쇄파대") -> 비쇄파대
G107: =G100 -> D | K107: =K100 -> 13.356 | Q107: =S84 -> #REF! | W107: ∼ | X107: =AA84 -> #REF! | AD107: =S100 -> 4.06 | AK107: =IF(K107<=X107,"쇄파대","비쇄파대") -> #REF!

Sheet 1.1.3 피복재 (기존시설50년)
A1: 1.1.3 피복재 소요질량 검토
A2: 1) 설계 제원 (H1/3, T1/3)
B3: 구 분 | I3: 파 고 (H1/3, m) | O3: 주 기 (T1/3, Sec) | U3: 설계조위 (Aprox.H.H.W) | AB3: 전면수심(m) | AH3: 비 고
B4: ='2.1, 기존시설(50년빈도)'!B20 -> 기존시설물 | F4: ='2.1, 기존시설(50년빈도)'!H20 -> B | I4: ='2.1, 기존시설(50년빈도)'!L20 -> 3.5 | O4: ='2.1, 기존시설(50년빈도)'!Q20 -> 11.3 | U4: ='나.마루높이검토(기존시설50년)'!U22 -> 3.356 | AB4: ='나.마루높이검토(기존시설50년)'!AB22 -> -10
F5: ='2.1, 기존시설(50년빈도)'!H21 -> C | I5: ='2.1, 기존시설(50년빈도)'!L21 -> 4.2 | O5: ='2.1, 기존시설(50년빈도)'!Q21 -> 11.3 | U5: ='나.마루높이검토(기존시설50년)'!U23 -> 3.356 | AB5: ='나.마루높이검토(기존시설50년)'!AB23 -> -10
F6: ='2.1, 기존시설(50년빈도)'!H22 -> D | I6: ='2.1, 기존시설(50년빈도)'!L22 -> 4 | O6: ='2.1, 기존시설(50년빈도)'!Q22 -> 11.3 | U6: ='나.마루높이검토(기존시설50년)'!U24 -> 3.356 | AB6: ='나.마루높이검토(기존시설50년)'!AB24 -> -10
A8: 2) 피복재 소요질량 검토 방법
B9: 구 분 | L9: 산 정 방 법 | AA9: 비 고
B10: 허드슨 공식 | L10: Ns3 = KD·cotα
B11: Van Der Meer 공식 | L11: Ns = max(Nspl, Nssr)
B12: 다까하시·요시아 공식 | L12: Ns = CH{a(N0/N0.5)0.2+b}
B13: 확장된 다니모토식 | L13: Ns=max(1.8,(1.3·(1-K)/K1/3·h'/H1/3 +1.8·exp
L14: [-1.5·(1-K)2/K1/3 ·h'/H1/3])) ; BM/L' < 0.25
B15: Brebner & Donnelly 공식 | L15: 도표에 의한 방법산출
A17: 3) 피복재 소요질량 검토 결과
B18: 구 분 | L18: 산 정 결 과 | AE18: 비 고
L19: B | Q19: C | V19: D
B20: 허드슨 공식 | L20: =AB58 -> 5 | Q20: =AB61 -> 10 | V20: =AB64 -> 8 | AE20: T.T.P 적용시 (ton)
B21: Van Der Meer 공식 | L21: =AC95 -> 8 | Q21: =AC104 -> 16 | V21: =AC113 -> 12.5
B22: 다까하시·요시아 공식 | L22: =AC155 -> 6.3 | Q22: =AC162 -> 12.5 | V22: =AC169 -> 10
B23: 확장된 다니모토식 | L23: =AF229 -> 0.14939457 | Q23: =AF243 -> 0.39374628 | V23: =AF258 -> 0.30859521 | AE23: 피복석 적용시 (㎥)
B24: Brebner & Donnelly 공식 | L24: =AG292 -> 1.4089068 | Q24: =AG296 -> 2.434591 | V24: =AG300 -> 1.5064258
B25: 중간 피복재 | L25: =(L21/10)/2.65 -> 0.30188679 | Q25: =(Q21/10)/2.65 -> 0.60377358 | V25: =(V21/10)/2.65 -> 0.47169811 | AE25: 외측 피복재 소요 중량의 1/10~1/15
A27: 나. 피복재 소요질량 산정
A28: 1) 허드슨 공식 (KDS 64 10 10, p.93 참조)
B29: ○ | C29: 파력을 받는 사면의 표면에 피복하는 사석 또는 블록의 안정질량
C31: 여기서, | I31: KD | J31: : 피복재 또는 피해율 등에 의해 결정되는 계수
I32: α | J32: : 사면의 경사각
B34: ○ | C34: 피복재 중량을 결정하기 위한 KD값
B35: 피 복 재 | N35: n | Q35: 거 치 | U35: 안정계수 KD | AG35: 비 고
U36: 쇄 파 | Z36: 비쇄파 | AD36: 경 사
B37: 매끈하고 둥근사석 | N37: 2 | Q37: 난적 | U37: 1.2 | Z37: 2.4 | AD37: 1.5~3.0
N38: 3 | Q38: =Q37 -> 난적 | U38: 1.6 | Z38: 3.2 | AD38: 〃
B39: 거칠고 모가 있는 돌 | AD39: 1.5
N40: 2 | Q40: 난적 | U40: 2 | Z40: 4 | AD40: 2
AD41: 3
N42: 3 | U42: 2.2 | Z42: 4.5
B43: 거칠고 모가 있는 돌 | N43: 2 | Q43: 특별한 것 | U43: 5.8 | Z43: 7
B44: 평면육면체 돌 | N44: 2 | Q44: =Q43 -> 특별한 것 | U44: 7.0~20.0 | Z44: 8.5~24.0
B45: 테트라포드(Tetrapod) 퀘드리포드(Quadripod) | N45: 2 | Q45: 난적 | U45: 7 | Z45: 8 | AD45: 1.5 2.0 3.0
B47: 트라이바(Tribar) | Q47: 난적 | AD47: 1.5
N48: 2 | U48: 9 | Z48: 10 | AD48: 2
AD49: 3
B50: 돌로스(Dolos) | N50: 2 | Q50: 난적 | U50: 15.8 | Z50: 31.8 | AD50: 2.0 3.0
B51: 모디파이드큐브 | N51: 2 | Q51: 난적 | U51: 6.5 | Z51: 7.5
B52: 헥사포드(Hexapod) | N52: 2 | U52: 8 | Z52: 9.5
B53: 토스케인(Toskane) | N53: 1 | U53: 11 | Z53: 22
B54: 트라이바(Tribar) | N54: 1 | Q54: 정적 | U54: 12 | Z54: 15
B56: ○ | C56: 피복재 질량산정 | AB56: ( | AC56: B구간 | AJ56: )
B57: ρr(kN/㎥) | G57: H⅓(m) | K57: KD | O57: Sr | T57: cotα | X57: M (kN) | AB57: T.T.P규격 | AH57: 비 고 | AP57: TTP | AQ57: 0.5 | AR57: 1 | AS57: 2 | AT57: 3.2 | AU57: 4 | AV57: 5 | AW57: 6.3 | AX57: 8 | AY57: 10 | AZ57: 12.5 | BA57: 16 | BB57: 20 | BC57: 25 | BD57: 32 | BE57: 40 | BF57: 50 | BG57: 64 | BH57: 72 | BI57: 80
B58: =2.3*9.81 -> 22.563 | G58: =I4 -> 3.5 | K58: =Z45 -> 8 | O58: =ROUND(B58/10.1,3) -> 2.234 | T58: 1.5 | X58: =(B58*G58^3/(K58*T58*(O58-1)^3)) -> 42.901675 | AB58: =AV57 -> 5 | AM58: =X58/9.81 -> 4.3732595 | AP58: 실중량 | AQ58: 0.46 | AR58: 0.92 | AS58: 1.84 | AT58: 2.88 | AU58: 3.68 | AV58: 4.6 | AW58: 5.75 | AX58: 7.36 | AY58: 9.2 | AZ58: 11.5 | BA58: 14.49 | BB58: 18.4 | BC58: 23 | BD58: 28.75 | BE58: 36.8 | BF58: 46 | BG58: 58.88 | BH58: 66.25 | BI58: 80.5
B59: ○ | C59: 피복재 질량산정 | AB59: ( | AC59: C구간 | AJ59: ) | AP59: k N | AQ59: =AQ58*9.81 -> 4.5126 | AR59: =AR58*9.81 -> 9.0252 | AS59: =AS58*9.81 -> 18.0504 | AT59: =AT58*9.81 -> 28.2528 | AU59: =AU58*9.81 -> 36.1008 | AV59: =AV58*9.81 -> 45.126 | AW59: =AW58*9.81 -> 56.4075 | AX59: =AX58*9.81 -> 72.2016 | ... BI59: =BI58*9.81 -> 789.705
B60: ρr(kN/㎥) | G60: H⅓(m) | K60: KD | O60: Sr | T60: cotα | X60: M (kN) | AB60: T.T.P규격 | AH60: 비 고
B61: =B58 -> 22.563 | G61: =I5 -> 4.2 | K61: =Z45 -> 8 | O61: =ROUND(B61/10.1,3) -> 2.234 | T61: 1.5 | X61: =(B61*G61^3/(K61*T61*(O61-1)^3)) -> 74.134095 | AB61: =AY57 -> 10 | AM61: =X61/9.81 -> 7.5569923
B62: ○ | C62: 피복재 질량산정 | AB62: ( | AC62: D구간 | AJ62: )
B63: ρr(kN/㎥) | G63: H⅓(m) | K63: KD | O63: Sr | T63: cotα | X63: M (kN) | AB63: T.T.P규격 | AH63: 비 고
B64: =B61 -> 22.563 | G64: =I6 -> 4 | K64: =Z45 -> 8 | O64: =ROUND(B64/10.1,3) -> 2.234 | T64: 1.5 | X64: =(B64*G64^3/(K64*T64*(O64-1)^3)) -> 64.039818 | AB64: =AX57 -> 8 | AM64: =X64/9.81 -> 6.5280141
A66: 2) Van der Meer 공식 (KDS 64 10 10, p.166 참조)
B67: ○ | C67: 마루높이가 높은 경사제의 사면 피복재에 파형구배나 파의수 , 피해의 정도를 고려함
B68: ○ | C68: 안정계수
F70: NS = max(Nspl, Nssr)
F71: Nspl = 6.2CHP0.18(S0.2/N0.1)Ir-0.5
F72: Nssr = CHP-0.13(S0.2/N0.1)(cotα)0.5IrP
G73: 여기서, | L73: Nspl | M73: : 쇄파(Plunging Breakers)에 대한 안정계수
L74: Nssr | M74: : 쇄기파(Surging Breakers)에 대한 안정계수
L75: Ir | M75: : 이리바렌수(Iribaren Number) (tanα/Som0.5)
L76: α | M76: : 사면이 수평면과 이루는 각
L77: Som | M77: : 파형구배(H⅓/Lo) | AM77: 비쇄파 | AN77: : | AO77: 1
L78: CH | M78: : 쇄파효과계수 (1.4/(H1/20/H1/3) | Y78: , | Z78: 비쇄파 영역에서는 1.0 | AM78: 쇄파 | AN78: : | AO78: 0.97
L79: Lo | M79: :심해파장 (Lo = gT2 /2π, g= 9.81 m/sec2 )
J80: H1/20 | M80: : 1/20 최대파고
J81: H1/3 | M81: : 1/3 유의파고
L82: P | M82: : 피복층 하부의 투수지수 (항·설 p142 도참 5-11)
L83: S | M83: : 변형정도 (S=A/Dn502) (항·설 p143 표참 5-1)
L84: A | M84: : 침식부의 면적
L85: N | M85: : 작용하는 파의 수
AB88: ( | AC88: =AC56 -> B구간 | AJ88: )
B89: H⅓ | I89: Lo | N89: Som | S89: Ir | X89: CH | AC89: P | AH89: 비 고 | AP89: TTP | AQ89: 0.5 | AR89: 1 | AS89: 2 | AT89: 3.2 | AU89: 4 | AV89: 5 | AW89: 6.3 | AX89: 8 | AY89: 10 | AZ89: 12.5 | BA89: 16 | BB89: 20 | BC89: 25 | BD89: 32 | BE89: 40 | BF89: 50 | BG89: 64 | BH89: 72 | BI89: 80
B90: =I4 -> 3.5 | I90: ='1.1.2 쇄파대 검토(기존시설50년)'!AL6 -> #REF! | N90: =ROUND(B90/I90,5) -> #REF! | S90: =ROUND(1/1.5/N90^0.5,3) -> #REF! | X90: =AO77 -> 1 | AC90: 0.5 | AP90: 실중량 | AQ90: 0.46 | AR90: 0.92 | AS90: 1.84 | AT90: 2.88 | AU90: 3.68 | AV90: 4.6 | AW90: 5.75 | AX90: 7.36 | AY90: 9.2 | AZ90: 11.5 | BA90: 14.49 | BB90: 18.4 | BC90: 23 | BD90: 28.75 | BE90: 36.8 | BF90: 46 | BG90: 58.88 | BH90: 66.25 | BI90: 80.5
B91: S | I91: N | N91: cotα | S91: Nspl | X91: Nssr | AC91: Ns | AH91: 비 고 | AP91: k N | AQ91: =AQ90*9.81 -> 4.5126 | AR91: =AR90*9.81 -> 9.0252 | AS91: =AS90*9.81 -> 18.0504 | AT91: =AT90*9.81 -> 28.2528 | AU91: =AU90*9.81 -> 36.1008 | AV91: =AV90*9.81 -> 45.126 | AW91: =AW90*9.81 -> 56.4075 | AX91: =AX90*9.81 -> 72.2016 | ... BI91: =BI90*9.81 -> 789.705
B92: 5 | I92: 1000 | N92: 1.5 | S92: =ROUND(6.2*X90*AC90^0.18*(B92^0.2/I92^0.1)*S90^-0.5,4) -> #REF! | X92: =ROUND(X90*AC90^-0.13*(B92^0.2/I92^0.1)*N92^0.5*S90^AC90,4) -> #REF! | AC92: =MAX(S92:AB92) -> #REF!
B94: ρr(kN/㎥) | I94: H⅓(m) | N94: Ns | S94: Sr | X94: M (kN) | AC94: T.T.P규격 | AH94: 비 고
B95: =B58 -> 22.563 | I95: =B90 -> 3.5 | N95: =AC92 -> #REF! | S95: =ROUND(B95/10.1,3) -> 2.234 | X95: =(B95*I95^3/(N95^3*(S95-1)^3)) -> #REF! | AC95: =AX89 -> 8 | AM95: =X95/9.81 -> #REF!
AB97: ( | AC97: =AC59 -> C구간 | AJ97: )
B98: H⅓ | I98: Lo | N98: Som | S98: Ir | X98: CH | AC98: P | AH98: 비 고
B99: =I5 -> 4.2 | I99: ='1.1.2 쇄파대 검토(기존시설50년)'!AL7 -> 206.31 | N99: =ROUND(B99/I99,5) -> 0.02036 | S99: =ROUND(1/1.5/N99^0.5,3) -> 4.672 | X99: =AO77 -> 1 | AC99: 0.5
B100: S | I100: N | N100: cotα | S100: Nspl | X100: Nssr | AC100: Ns | AH100: 비 고
B101: 5 | I101: 1000 | N101: 1.5 | S101: =ROUND(6.2*X99*AC99^0.18*(B101^0.2/I101^0.1)*S99^-0.5,4) -> 1.7508 | X101: =ROUND(X99*AC99^-0.13*(B101^0.2/I101^0.1)*N101^0.5*S99^AC99,4) -> 2.0032 | AC101: =MAX(S101:AB101) -> 2.0032
B103: =B94 -> ρr(kN/㎥) | I103: H⅓(m) | N103: Ns | S103: Sr | X103: M (kN) | AC103: T.T.P규격 | AH103: 비 고
B104: =B95 -> 22.563 | I104: =B99 -> 4.2 | N104: =AC101 -> 2.0032 | S104: =ROUND(B104/10.1,3) -> 2.234 | X104: =(B104*I104^3/(N104^3*(S104-1)^3)) -> 110.66908 | AC104: =BA89 -> 16 | AM104: =X104/9.81 -> 11.281252
AB106: ( | AC106: =AC62 -> D구간 | AJ106: )
B107: H⅓ | I107: Lo | N107: Som | S107: Ir | X107: CH | AC107: P | AH107: 비 고
B108: =I6 -> 4 | I108: ='1.1.2 쇄파대 검토(기존시설50년)'!AL8 -> #REF! | N108: =ROUND(B108/I108,5) -> #REF! | S108: =ROUND(1/1.5/N108^0.5,3) -> #REF! | X108: =AO77 -> 1 | AC108: 0.5
B109: S | I109: N | N109: cotα | S109: Nspl | X109: Nssr | AC109: Ns | AH109: 비 고
B110: 5 | I110: 1000 | N110: 1.5 | S110: =ROUND(6.2*X108*AC108^0.18*(B110^0.2/I110^0.1)*S108^-0.5,4) -> #REF! | X110: =ROUND(X108*AC108^-0.13*(B110^0.2/I110^0.1)*N110^0.5*S108^AC108,4) -> #REF! | AC110: =MAX(S110:AB110) -> #REF!
B112: =B103 -> ρr(kN/㎥) | I112: H⅓(m) | N112: Ns | S112: Sr | X112: M (kN) | AC112: T.T.P규격 | AH112: 비 고
B113: =B104 -> 22.563 | I113: =B108 -> 4 | N113: =AC110 -> #REF! | S113: =ROUND(B113/10.1,3) -> 2.234 | X113: =(B113*I113^3/(N113^3*(S113-1)^3)) -> #REF! | AC113: =AZ89 -> 12.5 | AM113: =X113/9.81 -> #REF!
B115: ○ | C115: 2층 피복의 경우에 있어서 각 단계의 피재에 대한 변형정도, S
Z128: 투수지수 P
C134: H1/20과 H1/3의 비(H1/20은 5H1/3 외해측의 값) | Y134: 침식부의 면적A
...

Sheet C-1(혼성제) (2)
A1: d/Lo | B1: H/Ho' | D1: R/Hi | E1: d/h | J1: 유의파고가 최대치로 출현하는 수심 산정도 | P1: 수심 주기 파장 | Y1: 해저 기울기 1/50일때 h/Ho' 와 Ho'/Lo 에 따른 Hmax/Ho' | AG1: 해저 기울기 1/50일때 h/Ho' 와 Ho'/Lo 에 따른 H1/20 / H1/3
E2: 0.7 | F2: 0.5 | G2: 0.3 | H2: 0 | P2: 주기 | Q2: 10 | R2: 11 | S2: 12 | T2: 13 | U2: 14 | V2: 15 | W2: 16 | X2: 18
A3: 0.0001 | B3: 4.467 | D3: -2.4 | E3: 0.9998 | J3: Ho'/Lo' | K3: 해저경사1:m | P3: 수심 | Q3: 파장 | R3: 파장 | S3: 파장 | T3: 파장 | U3: 파장 | V3: 파장 | W3: 파장 | X3: 파장 | Y3: h/Ho' | Z3: Ho'/Lo | AG3: h/Ho' | AH3: Ho'/Lo
A4: 0.0002 | B4: 3.757 | D4: -2.3 | E4: 0.9899 | K4: 10 | L4: 20 | M4: 30 | N4: 100 | P4: 8 | Q4: 83.82 | R4: 93.11 | S4: 102.33 | T4: 111.5 | U4: 120.62 | V4: 129.71 | W4: 138.77 | X4: 156.82 | Z4: 0.002 | AA4: 0.005 | AB4: 0.01 | AC4: 0.02 | AD4: 0.04 | AE4: 0.08 | AH4: 0.002 | AI4: 0.005 | AJ4: 0.01 | AK4: 0.02 | AL4: 0.04 | AM4: 0.08
A5: 0.0003 | B5: 3.395 | D5: -2.3 | E5: 0.99 | J5: 0.002 | K5: 2.855 | L5: 3.3 | M5: 3.494 | N5: 3.731 | P5: 9 | Q5: 88.27 | R5: 98.18 | S5: 108.01 | T5: 117.78 | U5: 127.49 | V5: 137.15 | W5: 146.79 | X5: 165.98 | Y5: 0 | Z5: 0.69 | AA5: 0.46 | AB5: 0.34 | AC5: 0.25 | AD5: 0.2 | AE5: 0.16 | AG5: 0 | AH5: 1.452 | AI5: 1.448 | AJ5: 1.441 | AK5: 1.427 | AL5: 1.408 | AM5: 1.383
A6: 0.0004 | B6: 3.16 | D6: -2.2 | E6: 0.9802 | J6: 0.0025 | K6: 2.676 | L6: 3.109 | M6: 3.298 | N6: 3.503 | P6: 10 | Q6: 92.37 | R6: 102.89 | S6: 113.3 | T6: 123.63 | U6: 133.91 | V6: 144.13 | W6: 154.31 | X6: 174.58 | Y6: 0.1 | Z6: 0.72 | AA6: 0.51 | AB6: 0.39 | AC6: 0.31 | AD6: 0.26 | AE6: 0.21 | AG6: 0.1 | AH6: 1.439 | AI6: 1.426 | AJ6: 1.41 | AK6: 1.383 | AL6: 1.353 | AM6: 1.323
A7: 0.0005 | B7: 2.989 | D7: -2.1 | E7: 0.9687 | J7: 0.003 | K7: 2.536 | L7: 2.936 | M7: 3.123 | N7: 3.318 | P7: 12 | Q7: 99.73 | R7: 111.38 | S7: 122.89 | T7: 134.31 | U7: 145.64 | V7: 156.91 | W7: 168.13 | X7: 190.44 | Y7: 0.2 | Z7: 0.77 | AA7: 0.56 | AB7: 0.45 | AC7: 0.37 | AD7: 0.32 | AE7: 0.27 | AG7: 0.2 | AH7: 1.422 | AI7: 1.398 | AJ7: 1.373 | AK7: 1.344 | AL7: 1.313 | AM7: 1.287
A8: 0.0006 | B8: 2.856 | D8: -2 | E8: 0.9553 | J8: 0.0035 | K8: 2.432 | L8: 2.81 | M8: 2.987 | N8: 3.183 | P8: 14 | Q8: 106.14 | R8: 118.86 | S8: 131.42 | T8: 143.85 | U8: 156.18 | V8: 168.43 | W8: 180.61 | X8: 204.82 | Y8: 0.3 | Z8: 0.81 | AA8: 0.62 | AB8: 0.51 | AC8: 0.43 | AD8: 0.38 | AE8: 0.33 | AG8: 0.3 | AH8: 1.404 | AI8: 1.372 | AJ8: 1.343 | AK8: 1.316 | AL8: 1.289 | AM8: 1.267
A9: 0.0007 | B9: 2.749 | D9: -1.9 | E9: 0.9395 | J9: 0.004 | K9: 2.341 | L9: 2.701 | M9: 2.865 | N9: 3.056 | P9: 16 | Q9: 111.78 | R9: 125.54 | S9: 139.09 | T9: 152.48 | U9: 165.76 | V9: 178.93 | W9: 192.02 | X9: 218.02 | Y9: 0.4 | Z9: 0.86 | AA9: 0.67 | AB9: 0.57 | AC9: 0.49 | AD9: 0.44 | AE9: 0.39 | AG9: 0.4 | AH9: 1.385 | AI9: 1.349 | AJ9: 1.321 | AK9: 1.296 | AL9: 1.274 | AM9: 1.257
A10: 0.0008 | B10: 2.659 | D10: -1.8 | E10: 0.9233 | J10: 0.0045 | K10: 2.274 | L10: 2.617 | M10: 2.775 | N10: 2.956 | P10: 18 | Q10: 116.79 | R10: 131.53 | S10: 146.03 | T10: 160.35 | U10: 174.53 | V10: 188.59 | W10: 202.55 | X10: 230.25 | Y10: 0.5 | Z10: 0.92 | AA10: 0.73 | AB10: 0.64 | AC10: 0.56 | AD10: 0.51 | AE10: 0.45 | AG10: 0.5 | AH10: 1.368 | AI10: 1.332 | AJ10: 1.306 | AK10: 1.283 | AL10: 1.265 | AM10: 1.25
A11: 0.0009 | B11: 2.582 | D11: -1.7 | E11: 0.9048 | J11: 0.005 | K11: 2.207 | L11: 2.533 | M11: 2.686 | N11: 2.869 | P11: 20 | Q11: 121.24 | R11: 136.93 | S11: 152.36 | T11: 167.57 | U11: 182.62 | V11: 197.53 | W11: 212.33 | X11: 241.66 | Y11: 0.6 | Z11: 0.98 | AA11: 0.8 | AB11: 0.7 | AC11: 0.63 | AD11: 0.58 | AE11: 0.52 | AG11: 0.6 | AH11: 1.351 | AI11: 1.316 | AJ11: 1.293 | AK11: 1.275 | AL11: 1.259 | AM11: 1.246
A12: 0.001 | B12: 2.515 | D12: -1.6 | E12: 0.8835 | J12: 0.006 | K12: 2.103 | L12: 2.411 | M12: 2.56 | N12: 2.738 | P12: 22 | Q12: 125.21 | R12: 141.83 | S12: 158.15 | T12: 174.23 | U12: 190.12 | V12: 205.85 | W12: 221.45 | X12: 252.35 | Y12: 0.7 | Z12: 1.04 | AA12: 0.86 | AB12: 0.77 | AC12: 0.7 | AD12: 0.65 | AE12: 0.58 | AG12: 0.7 | AH12: 1.338 | AI12: 1.305 | AJ12: 1.284 | AK12: 1.268 | AL12: 1.255 | AM12: 1.243
A13: 0.0011 | B13: 2.456 | D13: -1.5 | E13: 0.8612 | J13: 0.007 | K13: 2.014 | L13: 2.311 | M13: 2.459 | N13: 2.639 | P13: 24 | Q13: 128.75 | R13: 146.27 | S13: 163.47 | T13: 180.39 | U13: 197.1 | V13: 213.62 | W13: 230 | X13: 262.42 | Y13: 0.8 | Z13: 1.1 | AA13: 0.93 | AB13: 0.84 | AC13: 0.77 | AD13: 0.72 | AE13: 0.64 | AG13: 0.8 | AH13: 1.326 | AI13: 1.297 | AJ13: 1.278 | AK13: 1.265 | AL13: 1.253 | AM13: 1.242
A14: 0.0012 | B14: 2.404 | D14: -1.4 | E14: 0.8366 | J14: 0.008 | K14: 1.933 | L14: 2.228 | M14: 2.379 | N14: 2.567 | P14: 26 | Q14: 131.93 | R14: 150.32 | S14: 168.36 | T14: 186.11 | U14: 203.61 | V14: 220.91 | W14: 238.05 | X14: 271.94 | Y14: 0.9 | Z14: 1.17 | AA14: 1 | AB14: 0.92 | AC14: 0.84 | AD14: 0.79 | AE14: 0.7 | AG14: 0.9 | AH14: 1.316 | AI14: 1.288 | AJ14: 1.273 | AK14: 1.261 | AL14: 1.252 | AM14: 1.243
A15: 0.0013 | B15: 2.357 | D15: -1.3 | E15: 0.8071 | J15: 0.009 | K15: 1.861 | L15: 2.159 | M15: 2.312 | N15: 2.499 | Y15: 1 | Z15: 1.23 | AA15: 1.07 | AB15: 0.99 | AC15: 0.91 | AD15: 0.85 | AE15: 0.75 | AG15: 1 | AH15: 1.308 | AI15: 1.283 | AJ15: 1.269 | AK15: 1.26 | AL15: 1.253 | AM15: 1.244
A16: 0.0014 | B16: 2.314 | D16: -1.2 | E16: 0.7792 | J16: 0.01 | K16: 1.809 | L16: 2.108 | M16: 2.262 | N16: 2.445 | Y16: 1.1 | Z16: 1.3 | AA16: 1.14 | AB16: 1.06 | AC16: 0.98 | AD16: 0.92 | AE16: 0.81 | AG16: 1.1 | AH16: 1.301 | AI16: 1.278 | AJ16: 1.266 | AK16: 1.259 | AL16: 1.255 | AM16: 1.248
A17: 0.0015 | B17: 2.275 | D17: -1.1 | E17: 0.7485 | F17: 0.7896 | J17: 0.012 | K17: 1.722 | L17: 2.019 | M17: 2.173 | N17: 2.362 | Y17: 1.2 | Z17: 1.37 | AA17: 1.22 | AB17: 1.14 | AC17: 1.05 | AD17: 0.98 | AE17: 0.86 | AG17: 1.2 | AH17: 1.295 | AI17: 1.274 | AJ17: 1.265 | AK17: 1.261 | AL17: 1.259 | AM17: 1.252
A18: 0.0016 | B18: 2.239 | D18: -1 | E18: 0.7159 | F18: 0.7532 | J18: 0.014 | K18: 1.663 | L18: 1.959 | M18: 2.117 | N18: 2.309 | Y18: 1.3 | Z18: 1.43 | AA18: 1.29 | AB18: 1.21 | AC18: 1.13 | AD18: 1.04 | AE18: 0.91 | AG18: 1.3 | AH18: 1.29 | AI18: 1.272 | AJ18: 1.264 | AK18: 1.262 | AL18: 1.265 | AM18: 1.257
A19: 0.0017 | B19: 2.205 | D19: -0.9 | E19: 0.6818 | F19: 0.7174 | J19: 0.016 | K19: 1.614 | L19: 1.912 | M19: 2.072 | N19: 2.27 | Y19: 1.4 | Z19: 1.5 | AA19: 1.37 | AB19: 1.29 | AC19: 1.2 | AD19: 1.1 | AE19: 0.95 | AG19: 1.4 | AH19: 1.285 | AI19: 1.27 | AJ19: 1.264 | AK19: 1.267 | AL19: 1.272 | AM19: 1.265
A20: 0.0018 | B20: 2.174 | D20: -0.8 | E20: 0.6481 | F20: 0.6819 | J20: 0.018 | K20: 1.576 | L20: 1.879 | M20: 2.037 | N20: 2.24 | Y20: 1.5 | Z20: 1.58 | AA20: 1.44 | AB20: 1.36 | AC20: 1.27 | AD20: 1.16 | AE20: 1 | AG20: 1.5 | AH20: 1.282 | AI20: 1.269 | AJ20: 1.265 | AK20: 1.273 | AL20: 1.283 | AM20: 1.273
A21: 0.0019 | B21: 2.145 | D21: -0.7 | E21: 0.6143 | F21: 0.65 | J21: 0.02 | K21: 1.544 | L21: 1.849 | M21: 2.004 | N21: 2.216 | Y21: 1.6 | Z21: 1.65 | AA21: 1.52 | AB21: 1.44 | AC21: 1.34 | AD21: 1.22 | AE21: 1.05 | AG21: 1.6 | AH21: 1.279 | AI21: 1.268 | AJ21: 1.267 | AK21: 1.28 | AL21: 1.295 | AM21: 1.282
A22: 0.002 | B22: 2.119 | D22: -0.6 | E22: 0.5787 | F22: 0.618 | G22: 0.6685 | J22: 0.025 | K22: 1.493 | L22: 1.808 | M22: 1.965 | N22: 2.188 | Y22: 1.7 | Z22: 1.72 | AA22: 1.59 | AB22: 1.51 | AC22: 1.4 | AD22: 1.28 | AE22: 1.09 | AG22: 1.7 | AH22: 1.277 | AI22: 1.268 | AJ22: 1.271 | AK22: 1.289 | AL22: 1.307 | AM22: 1.29
A23: 0.0021 | B23: 2.094 | D23: -0.5 | E23: 0.5428 | F23: 0.5847 | G23: 0.6292 | J23: 0.03 | K23: 1.46 | L23: 1.788 | M23: 1.954 | N23: 2.187 | Y23: 1.8 | Z23: 1.8 | AA23: 1.67 | AB23: 1.59 | AC23: 1.47 | AD23: 1.33 | AE23: 1.13 | AG23: 1.8 | AH23: 1.274 | AI23: 1.268 | AJ23: 1.277 | AK23: 1.3 | AL23: 1.32 | AM23: 1.298
A24: 0.0022 | B24: 2.07 | D24: -0.4 | E24: 0.5092 | F24: 0.5509 | G24: 0.5953 | J24: 0.035 | K24: 1.442 | L24: 1.784 | M24: 1.963 | N24: 2.201 | Y24: 1.9 | Z24: 1.87 | AA24: 1.74 | AB24: 1.66 | AC24: 1.53 | AD24: 1.38 | AE24: 1.17 | AG24: 1.9 | AH24: 1.272 | AI24: 1.27 | AJ24: 1.284 | AK24: 1.313 | AL24: 1.334 | AM24: 1.306
A25: 0.0023 | B25: 2.047 | D25: -0.3 | E25: 0.4768 | F25: 0.5171 | G25: 0.5613 | J25: 0.4 | K25: 1.442 | L25: 1.797 | M25: 1.988 | N25: 2.231 | Y25: 2 | Z25: 1.95 | AA25: 1.82 | AB25: 1.73 | AC25: 1.59 | AD25: 1.42 | AE25: 1.21 | AG25: 2 | AH25: 1.271 | AI25: 1.272 | AJ25: 1.291 | AK25: 1.326 | AL25: 1.346 | AM25: 1.314
A26: 0.0024 | B26: 2.025 | D26: -0.2 | E26: 0.444 | F26: 0.4835 | G26: 0.5259 | J26: 0.045 | K26: 1.451 | L26: 1.821 | M26: 2.027 | N26: 2.276 | Y26: 2.1 | Z26: 2.02 | AA26: 1.89 | AB26: 1.8 | AC26: 1.64 | AD26: 1.46 | AE26: 1.24 | AG26: 2.1 | AH26: 1.271 | AI26: 1.275 | AJ26: 1.301 | AK26: 1.34 | AL26: 1.357 | AM26: 1.321
A27: 0.0025 | B27: 2.005 | D27: -0.1 | E27: 0.4111 | F27: 0.4499 | G27: 0.4901 | J27: 0.05 | K27: 1.469 | L27: 1.858 | M27: 2.085 | N27: 2.348 | Y27: 2.2 | Z27: 2.1 | AA27: 1.97 | AB27: 1.86 | AC27: 1.69 | AD27: 1.5 | AE27: 1.27 | AG27: 2.2 | AH27: 1.27 | AI27: 1.279 | AJ27: 1.311 | AK27: 1.352 | AL27: 1.368 | AM27: 1.329
A28: 0.0026 | B28: 1.986 | D28: 0 | E28: 0.3782 | F28: 0.4164 | G28: 0.4543 | H28: 0.5793 | J28: 0.06 | K28: 1.532 | L28: 1.979 | M28: 2.262 | N28: 2.526 | Y28: 2.3 | Z28: 2.18 | AA28: 2.05 | AB28: 1.92 | AC28: 1.73 | AD28: 1.53 | AE28: 1.3 | AG28: 2.3 | AH28: 1.27 | AI28: 1.284 | AJ28: 1.323 | AK28: 1.362 | AL28: 1.377 | AM28: 1.335
A29: 0.0027 | B29: 1.967 | D29: 0.1 | E29: 0.3452 | F29: 0.3839 | G29: 0.4219 | H29: 0.539 | J29: 0.07 | K29: 1.657 | L29: 2.156 | M29: 2.467 | N29: 2.753 | Y29: 2.4 | Z29: 2.25 | AA29: 2.12 | AB29: 1.97 | AC29: 1.76 | AD29: 1.56 | AE29: 1.33 | AG29: 2.4 | AH29: 1.271 | AI29: 1.292 | AJ29: 1.334 | AK29: 1.369 | AL29: 1.383 | AM29: 1.342
A30: 0.0028 | B30: 1.95 | D30: 0.2 | E30: 0.3125 | F30: 0.3518 | G30: 0.3909 | H30: 0.5017 | Y30: 2.5 | Z30: 2.33 | AA30: 2.19 | AB30: 2.02 | AC30: 1.79 | AD30: 1.59 | AE30: 1.36 | AG30: 2.5 | AH30: 1.272 | AI30: 1.299 | AJ30: 1.345 | AK30: 1.376 | AL30: 1.388 | AM30: 1.348
A31: 0.0029 | B31: 1.933 | D31: 0.3 | E31: 0.2802 | F31: 0.3187 | G31: 0.3604 | H31: 0.4643 | Y31: 2.6 | Z31: 2.4 | AA31: 2.26 | AB31: 2.06 | AC31: 1.81 | AD31: 1.6 | AE31: 1.38 | AG31: 2.6 | AH31: 1.273 | AI31: 1.308 | AJ31: 1.354 | AK31: 1.38 | AL31: 1.392 | AM31: 1.354
A32: 0.003 | B32: 1.917 | D32: 0.4 | E32: 0.2491 | F32: 0.285 | G32: 0.3303 | H32: 0.4305 | Y32: 2.7 | Z32: 2.47 | AA32: 2.33 | AB32: 2.08 | AC32: 1.82 | AD32: 1.62 | AE32: 1.41 | AG32: 2.7 | AH32: 1.276 | AI32: 1.317 | AJ32: 1.362 | AK32: 1.383 | AL32: 1.395 | AM32: 1.359
A33: 0.0031 | B33: 1.902 | D33: 0.5 | E33: 0.22 | F33: 0.2533 | G33: 0.3003 | H33: 0.3972 | Y33: 2.8 | Z33: 2.54 | AA33: 2.39 | AB33: 2.11 | AC33: 1.82 | AD33: 1.63 | AE33: 1.43 | AG33: 2.8 | AH33: 1.278 | AI33: 1.326 | AJ33: 1.368 | AK33: 1.385 | AL33: 1.397 | AM33: 1.363
A34: 0.0032 | B34: 1.887 | D34: 0.6 | E34: 0.1944 | F34: 0.2255 | G34: 0.2703 | H34: 0.3639 | Y34: 2.9 | Z34: 2.62 | AA34: 2.45 | AB34: 2.12 | AC34: 1.83 | AD34: 1.64 | AE34: 1.45 | AG34: 2.9 | AH34: 1.283 | AI34: 1.336 | AJ34: 1.372 | AK34: 1.387 | AL34: 1.398 | AM34: 1.367
A35: 0.0033 | B35: 1.873 | D35: 0.7 | E35: 0.1692 | F35: 0.1982 | G35: 0.2414 | H35: 0.3332 | Y35: 3 | Z35: 2.69 | AA35: 2.5 | AB35: 2.13 | AC35: 1.83 | AD35: 1.66 | AE35: 1.47 | AG35: 3 | AH35: 1.287 | AI35: 1.343 | AJ35: 1.376 | AK35: 1.389 | AL35: 1.399 | AM35: 1.37
A36: 0.0034 | B36: 1.86 | D36: 0.8 | E36: 0.1465 | F36: 0.1717 | G36: 0.2137 | H36: 0.3037 | Y36: 3.1 | Z36: 2.77 | AA36: 2.53 | AB36: 2.13 | AC36: 1.82 | AD36: 1.66 | AE36: 1.49 | AG36: 3.1 | AH36: 1.291 | AI36: 1.35 | AJ36: 1.379 | AK36: 1.392 | AL36: 1.4 | AM36: 1.373
A37: 0.0035 | B37: 1.847 | D37: 0.9 | E37: 0.1241 | F37: 0.1471 | G37: 0.19 | H37: 0.2763 | Y37: 3.2 | Z37: 2.85 | AA37: 2.55 | AB37: 2.13 | AC37: 1.82 | AD37: 1.66 | AE37: 1.5 | AG37: 3.2 | AH37: 1.297 | AI37: 1.355 | AJ37: 1.382 | AK37: 1.393 | AL37: 1.4 | AM37: 1.376
A38: 0.0036 | B38: 1.834 | D38: 1 | E38: 0.1057 | F38: 0.1265 | G38: 0.1675 | H38: 0.2504 | Y38: 3.3 | Z38: 2.92 | AA38: 2.56 | AB38: 2.12 | AC38: 1.81 | AD38: 1.67 | AE38: 1.52 | AG38: 3.3 | AH38: 1.303 | AI38: 1.36 | AJ38: 1.384 | AK38: 1.394 | AL38: 1.401 | AM38: 1.379
A39: 0.0037 | B39: 1.822 | D39: 1.1 | E39: 0.0873 | F39: 0.1086 | G39: 0.1465 | H39: 0.2261 | Y39: 3.4 | Z39: 2.98 | AA39: 2.56 | AB39: 2.12 | AC39: 1.8 | AD39: 1.67 | AE39: 1.54 | AG39: 3.4 | AH39: 1.309 | AI39: 1.363 | AJ39: 1.386 | AK39: 1.395 | AL39: 1.401 | AM39: 1.381
A40: 0.0038 | B40: 1.81 | D40: 1.2 | E40: 0.073 | F40: 0.0941 | G40: 0.1289 | H40: 0.2041 | Y40: 3.5 | Z40: 3.05 | AA40: 2.55 | AB40: 2.1 | AC40: 1.79 | AD40: 1.67 | AE40: 1.55 | AG40: 3.5 | AH40: 1.316 | AI40: 1.367 | AJ40: 1.388 | AK40: 1.397 | AL40: 1.401 | AM40: 1.383
A41: 0.0039 | B41: 1.799 | D41: 1.3 | E41: 0.0602 | F41: 0.0828 | G41: 0.1113 | H41: 0.1842 | Y41: 3.6 | Z41: 3.11 | AA41: 2.54 | AB41: 2.09 | AC41: 1.78 | AD41: 1.67 | AE41: 1.57 | AG41: 3.6 | AH41: 1.323 | AI41: 1.369 | AJ41: 1.389 | AK41: 1.397 | AL41: 1.401 | AM41: 1.385
... A45: 0.0043 | B45: 1.756 | D45: 1.7 | E45: 0.035 | F45: 0.0568 | G45: 0.081 | H45: 0.1221 | Y45: 4 | Z45: 3.32 | AA45: 2.41 | AB45: 1.98 | AC45: 1.72 | AD45: 1.66 | AE45: 1.61 | AG45: 4 | AH45: 1.345 | AI45: 1.378 | AJ45: 1.391 | AK45: 1.398 | AL45: 1.402 | AM45: 1.389
A46: 0.0044 | B46: 1.746 | D46: 1.8 | E46: 0.035 | F46: 0.0564 | G46: 0.0785 | H46: 0.1143
A47: 0.0045 | B47: 1.737 | D47: 1.9 | E47: 0.035 | F47: 0.056 | G47: 0.0803 | H47: 0.1126
A48: 0.0046 | B48: 1.727 | D48: 2 | E48: 0.035 | F48: 0.0611 | G48: 0.0821 | H48: 0.1113
A49: 0.0047 | B49: 1.718
A50: 0.0048 | B50: 1.709
A51: 0.0049 | B51: 1.701
A52: 0.005 | B52: 1.692
A53: 0.0051 | B53: 1.684
A54: 0.0052 | B54: 1.676
A55: 0.0053 | B55: 1.669
A56: 0.0054 | B56: 1.662
A57: 0.0055 | B57: 1.654
A58: 0.0056 | B58: 1.647
A59: 0.0057 | B59: 1.64
A60: 0.0058 | B60: 1.633
... A732: 1 | B732: 1

Sheet 2.1 기존시설 설계조건
A1: 추자항 파제제 축조공사
A2: 1.1 기본제원검토
A3: 1.1.1 마루높이 검토
A5: 가. 마루높이 결정
A6: 1) 검토방향
B7: ▸ 마루높이는 일반적으로 배후수역의 정온도, 배후 항만시설의 보전등을 감안
B8: 설계조위상 적정한 마루높이로 결정
A10: 2) 검토방법
B11: ▸ 마루높이는 다음의 방법을 고려하여 결정
B12: - 항만 및 어항설계기준에 의한 방법
B13: - 처오름높이에 의한 방법
B14: - 허용월파량에 의한 방법
B15: - 항내 전달파고에 의한 방법
A17: 3) 검토조건
B18: 가) 파랑조건
B19: 구 분 | L19: 파고(H⅓) | Q19: 주기(T⅓) | W19: 설계수심 | AC19: 해저경사 | AI19: 비 고
B20: 기존시설물 | H20: B | L20: 3.6 | Q20: 11.6 | W20: -10 | AC20: =1/50 -> 0.02
H21: C | L21: 4.3 | Q21: 11.6 | W21: =W20 -> -10 | AC21: =AC20 -> 0.02
H22: D | L22: 4.2 | Q22: 11.6 | W22: -10 | AC22: =AC21 -> 0.02
B24: 나) 조위조건
B25: 구 분 | P25: 조 위 (m) | W25: 조 위 표
B26: 약최고고조위 | I26: Aprox.H.H.W | P26: 3.356
B27: 대조평균고조위 | I27: H.W.O.S.T | P27: 2.904
B28: 평균고조위 | I28: H.W.O.M.T | P28: 2.554
B29: 소조평균고조위 | I29: H.W.O.N.T | P29: 2.204
B30: 평균해면 | I30: M.S.L | P30: 1.678
B31: 소조평균저조위 | I31: L.W.O.N.T | P31: 1.152
B32: 평균저조위 | I32: L.W.O.M.T | P32: 0.802
B33: 대조평균저조위 | I33: L.W.O.S.T | P33: 0.452
B34: 약최저저조위 | I34: Aprox.L.L.W | P34: 0

Sheet 2.2 기존시설 마루높이
A1: 나. 마루높이 검토
A2: 1) 마루높이 산정방법
B3: 구 분 | M3: 산정방법 | AD3: 비 고
B4: 항만 및 어항설계기준 에 의한 방법 | M4: 설계조위 + (0.6 ~ 1.25) H⅓
B5: 처오름높이에 의한 방법 | M5: R = Ho' × R/Ho' × γ × K
B6: 허용월파량에 의한 방법
B7: 파고전달율에 의한 방법 | M7: HT = KTO × HI
B8: 인근 구조물 마루높이
B10: 2) 마루높이 결정
C11: 북측파제제
B12: 구 분 | K12: B구간 | T12: C구간 | AC12: D구간 | AL12: 산정 마루높이
B13: 항만 및 어항 설계기준에 의한 방법 | K13: =AE31 -> 5.52 | P13: ~ | Q13: =AK31 -> 7.86 | T13: =AE32 -> 5.94 | Y13: ~ | Z13: =AK32 -> 8.73 | AC13: =AE33 -> 5.88 | AH13: ~ | AI13: =AK33 -> 8.61
B14: 처오름 높이에 의한 방법 | K14: =AE84 -> 8.216 | T14: =AE85 -> 9.161 | AC14: =AE86 -> 9.026
B15: 허용월파량에 의한 방법 | K15: =AH135 -> 8.0972008 | T15: =AH137 -> 9.6036151 | AC15: =AH139 -> 9.5910321
B16: 전달 파고에 의한 방법 | K16: =J198 -> 6.1 | T16: =J199 -> 6.7 | AC16: =J200 -> 6.6
B18: 3) 마루높이 검토
C19: 가) 검토조건
B20: 구 분 | J20: 파고(H⅓) | O20: 주기(T⅓) | U20: 설계조위 | AB20: 전면수심 | AI20: 설계수심
B21: 기존 구조물 | F21: =K12 -> B구간 | J21: ='2.1 기존시설 설계조건'!L20 -> 3.6 | O21: ='2.1 기존시설 설계조건'!Q20 -> 11.6 | U21: ='3.1.1 마루높이 결정(1)'!P24 -> 3.356 | AB21: ='2.1 기존시설 설계조건'!W20 -> -10 | AI21: =$U$21-AB21 -> 13.356
F22: =T12 -> C구간 | J22: ='2.1 기존시설 설계조건'!L21 -> 4.3 | O22: ='2.1 기존시설 설계조건'!Q21 -> 11.6 | U22: =U21 -> 3.356 | AB22: ='2.1 기존시설 설계조건'!W21 -> -10 | AI22: =$U$21-AB22 -> 13.356
F23: =AC12 -> D구간 | J23: ='2.1 기존시설 설계조건'!L22 -> 4.2 | O23: ='2.1 기존시설 설계조건'!Q22 -> 11.6 | U23: =U22 -> 3.356 | AB23: ='2.1 기존시설 설계조건'!W22 -> -10 | AI23: =$U$21-AB23 -> 13.356
C24: 나) 마루높이 산정
C25: (1) 항만 및 어항설계기준에 의한 방법 (KDS 64 45 20 p.12 참조)
D27: 마루높이 = 설계조위 + (0.6~1.25) · H1/3
B30: 구 분 | J30: 파고(H⅓) | P30: 산정과정 | AE30: 마루높이
B31: =B21 -> 기존 구조물 | F31: =F21 -> B구간 | J31: =J21 -> 3.6 | P31: =U21 -> 3.356 | S31: + | T31: 0.6 | V31: ~ | W31: 1.25 | Z31: × | AA31: =J31 -> 3.6 | AD31: = | AE31: =ROUND(P31+(T31*AA31),2) -> 5.52 | AJ31: ~ | AK31: =ROUND(P31+(W31*AA31),2) -> 7.86
F32: =F22 -> C구간 | J32: =J22 -> 4.3 | P32: =U21 -> 3.356 | S32: + | T32: 0.6 | V32: ~ | W32: 1.25 | Z32: × | AA32: =J32 -> 4.3 | AD32: = | AE32: =ROUND(P32+(T32*AA32),2) -> 5.94 | AJ32: ~ | AK32: =ROUND(P32+(W32*AA32),2) -> 8.73
F33: =F23 -> D구간 | J33: =J23 -> 4.2 | P33: =U22 -> 3.356 | S33: + | T33: 0.6 | V33: ~ | W33: 1.25 | Z33: × | AA33: =J33 -> 4.2 | AD33: = | AE33: =ROUND(P33+(T33*AA33),2) -> 5.88 | AJ33: ~ | AK33: =ROUND(P33+(W33*AA33),2) -> 8.61
C37: (2) 처오름높이에 의한 방법 (KDS 64 10 10, p.93 참조)
C38: - 항만 및 어항설계기준상의 처오름높이 산정
D39: 1) 불투과성, 일정한 사면경사, 불규칙파시 처오름높이 산정(Mase, 1989)
B43: Rx | H43: Rmax | N43: R2% | T43: R1/10 | Z43: R1/3 | AF43: 평균R
B44: A | H44: 2.32 | N44: 1.86 | T44: 1.7 | Z44: 1.38 | AF44: 0.88
B45: B | H45: 0.77 | N45: 0.71 | T45: 0.71 | Z45: 0.7 | AF45: 0.69
N46: = | O46: =G52/SQRT((T52/AI52)) -> 0.10307186 | S46: =F31 -> B구간 | W46: , | X46: =G53/SQRT((T53/AI53)) -> 0.10307186 | AB46: =F32 -> C구간 | AF46: , | AG46: =G54/SQRT((T54/AI54)) -> #REF! | AK46: =F33 -> D구간
S47: (채택)
B51: 구분 | G51: 해저경사 | M51: H1/3 | T51: H0 | AA51: T1/3 | AI51: L0
B52: 기존 구조물 | E52: B | G52: ='3.1.1 마루높이 결정(1)'!AC19 -> 0.02 | M52: =J31 -> 3.6 | T52: 7.5 | AA52: ='2.1, 기존시설(50년빈도)'!Q20 -> 11.3 | AI52: =1.56*AA52^2 -> 199.1964
E53: C | G53: ='3.1.1 마루높이 결정(1)'!AC19 -> 0.02 | M53: =J32 -> 4.3 | T53: 7.5 | AA53: ='2.1, 기존시설(50년빈도)'!Q21 -> 11.3 | AI53: =1.56*AA53^2 -> 199.1964
E54: D | G54: ='3.1.1 마루높이 결정(1)'!AC19 -> 0.02 | M54: =J33 -> 4.2 | T54: 7.5 | AA54: ='3.1.1 마루높이 결정(1)'!#REF! -> #REF! | AI54: =1.56*AA54^2 -> #REF!
C55: R1/3 | E55: = | F55: H1/3 | H55: × | I55: ( | J55: 0.25 | L55: + | M55: 1.1 | O55: × | P55: ξ | R55: ( | S55: =O46 -> 0.10307186 | V55: ) | W55: ) | X55: = | Y55: =M52*(J55+M55*O46) -> 1.3081646 | AB55: =S46 -> B구간
C56: R1/3 | E56: = | F56: H1/3 | H56: × | I56: ( | J56: 0.25 | L56: + | M56: 1.1 | O56: × | P56: ξ | R56: ( | S56: =X46 -> 0.10307186 | V56: ) | W56: ) | X56: = | Y56: =M53*(J56+M56*X46) -> 1.5625299 | AB56: =AB46 -> C구간
C57: R1/3 | E57: = | F57: H1/3 | H57: × | I57: ( | J57: 0.25 | L57: + | M57: 1.1 | O57: × | P57: ξ | R57: ( | S57: =AG46 -> #REF! | V57: ) | W57: ) | X57: = | Y57: =M54*(J57+M57*AG46) -> #REF! | AB57: =AK46 -> D구간
B59: 구분 | M59: Aprox H.H.W | V59: R(처오름높이) | AE59: 마루높이
B60: =B52 -> 기존 구조물 | G60: =E52 -> B | M60: ='3.1.1 마루높이 결정(1)'!P24 -> 3.356 | V60: =Y55 -> 1.3081646 | AE60: =M60+V60 -> 4.6641646
G61: =E53 -> C | M61: =M60 -> 3.356 | V61: =Y56 -> 1.5625299 | AE61: =M61+V61 -> 4.9185299
G62: =E54 -> D | M62: =M61 -> 3.356 | V62: =Y57 -> #REF! | AE62: =M62+V62 -> #REF!
C63: 2) 피복석 사면의 처오름높이 산정(C.E.M, 2006)
Q66: (채택)
H68: ( | I68: =AD77 -> 1.35 | K68: / | L68: =AD75 -> 0.88 | N68: ) | O68: =1/AD76 -> 2.4390244 | Q68: (R1/3 적용) | V68: = | W68: =(I68/L68)^O68 -> 2.8398497
B69: 구분 | G69: tanβ | M69: H1/3 | T69: T1/3 | AA69: L0 | AI69: ξm
B70: =B60 -> 기존 구조물 | E70: =G60 -> B | G70: =1/1.5 -> 0.66666667 | M70: =M52 -> 3.6 | T70: =AA52 -> 11.3 | AA70: =AI52 -> 199.1964 | AI70: =G70/SQRT((2*3.14*M70)/(9.81*T70^2)) -> 4.9623868
E71: =G61 -> C | G71: =1/1.5 -> 0.66666667 | M71: =M53 -> 4.3 | T71: =AA53 -> 11.3 | AA71: =AI53 -> 199.1964 | AI71: =G71/SQRT((2*3.14*M71)/(9.81*T71^2)) -> 4.5405414
E72: =G62 -> D | G72: =1/1.5 -> 0.66666667 | M72: =M54 -> 4.2 | T72: =AA54 -> #REF! | AA72: =AI54 -> #REF! | AI72: =G72/SQRT((2*3.14*M72)/(9.81*T72^2)) -> #REF!
B73: Rx | I73: Rmax | P73: R2% | W73: R1/10 | AD73: R1/3 | AK73: 평균R
B74: A | I74: 1.12 | P74: 0.96 | W74: 0.77 | AD74: 0.72 | AK74: 0.47
B75: B | I75: 1.34 | P75: 1.17 | W75: 0.94 | AD75: 0.88 | AK75: 0.6
B76: C | I76: 0.55 | P76: 0.46 | W76: 0.42 | AD76: 0.41 | AK76: 0.34
B77: D | I77: 2.58 | P77: 1.97 | W77: 1.45 | AD77: 1.35 | AK77: 0.82
C79: R1/3 | E79: = | F79: D | H79: × | I79: H1/3 | L79: = | M79: =AD77 -> 1.35 | O79: × | P79: =M70 -> 3.6 | S79: = | T79: =M79*P79 -> 4.86 | Y79: (100년) | AD79: (B)
C80: R1/3 | E80: = | F80: D | H80: × | I80: H1/3 | L80: = | M80: =AD77 -> 1.35 | O80: × | P80: =M71 -> 4.3 | S80: = | T80: =M80*P80 -> 5.805 | Y80: =Y79 -> (100년) | AD80: (C)
C81: R1/3 | E81: = | F81: D | H81: × | I81: H1/3 | L81: = | M81: =AD77 -> 1.35 | O81: × | P81: =M72 -> 4.2 | S81: = | T81: =M81*P81 -> 5.67 | Y81: =Y80 -> (100년) | AD81: (D)
B83: 구분 | M83: Aprox H.H.W | V83: R(처오름높이) | AE83: 마루높이
B84: =B60 -> 기존 구조물 | G84: =E70 -> B | M84: =M61 -> 3.356 | V84: =T79 -> 4.86 | AE84: =M84+V84 -> 8.216
G85: =E71 -> C | M85: =M84 -> 3.356 | V85: =T80 -> 5.805 | AE85: =M85+V85 -> 9.161
G86: =E72 -> D | M86: =M85 -> 3.356 | V86: =T81 -> 5.67 | AE86: =M86+V86 -> 9.026
C89: (3) 월파에 의한 파고 전달율 (KDS 64 10 10, p.100참조)
D90: 배후지 중요도를 고려한 허용월파량
D91: 구분 | AE91: 월파량(㎥/m*s) | AK91: 적용
D92: 배후에 민가, 공공시설 밀집으로 월파, 물보라등의 유입으로 중대한 재해가 예상되는 지역 | AE92: 0.01
D94: 기타 중요한 지역 | AE94: 0.02
D95: 기타지역 | AE95: 0.02~0.06 | AK95: O
D122: 소파호안의 월파유량 산정도(해저경사 1:50)
D123: * 월파량 산정도를 이용한 월파유량 보간
C124: 구분 | K124: H0'/L0
C125: =B31 -> 기존 구조물 | H125: B | K125: 0.017 | W125: 0.036 | AF125: =F135 -> 0.017436044
K126: 1.3 | W126: 1.1 | AF126: =W126+(K126-W126)/(W125-K125)*(W125-AF125) -> 1.2954101
H127: C | K127: 0.017 | W127: 0.036 | AF127: =F137 -> 0.020818446
K128: 1.5 | W128: 1.15 | AF128: =W128+(K128-W128)/(W127-K127)*(W127-AF127) -> 1.4296602
H129: D | K129: 0.017 | W129: 0.036 | AF129: =F139 -> 0.020342051
K130: 1.52 | W130: 1.18 | AF130: =W130+(K130-W130)/(W129-K129)*(W129-AF129) -> 1.4601949
D132: * 월파량 산정
C133: 구분 | F133: H0'/L0 | I133: 허용 월파량 | M133: h/H0' | P133: q/√(2g(Ho')3 | U133: hc/H0' | X133: hc | Z133: 설계 조위 | AC133: 마루높이 (설계조위+hc) | AH133: 마루높이 결정
C135: =H125 -> B | F135: =AD144/O144 -> 0.017436044 | I135: 0.06 | M135: =J144/AD144 -> 3.6491803 | P135: =I135/SQRT(2*9.818*AD144^3) -> 0.0019337624 | U135: =AF126 -> 1.2954101 | X135: =U135*AD144 -> 4.7412008 | Z135: =U21 -> 3.356 | AC135: =X135+Z135 -> 8.0972008 | AH135: =AC135 -> 8.0972008
C137: =H127 -> C | F137: =AD145/O145 -> 0.020818446 | I137: 0.06 | M137: =J145/AD145 -> 3.0562929 | P137: =I137/SQRT(2*9.818*AD144^3) -> 0.0019337624 | U137: =AF128 -> 1.4296602 | X137: =U137*AD145 -> 6.2476151 | Z137: =Z135 -> 3.356 | AC137: =X137+Z137 -> 9.6036151 | AH137: =AC137 -> 9.6036151
C139: =H129 -> D | F139: =AD146/O146 -> 0.020342051 | I139: =0.06 -> 0.06 | M139: =J146/AD146 -> 3.1278689 | P139: =I139/SQRT(2*9.818*AD146^3) -> 0.0015345567 | U139: =AF130 -> 1.4601949 | X139: =U139*AD146 -> 6.2350321 | Z139: =Z137 -> 3.356 | AC139: =X139+Z139 -> 9.5910321 | AH139: =AC139 -> 9.5910321
C142: ● | D142: 환산심해파고(Ho') 산정
B143: 구 분 | J143: ds(m) | O143: Lo(m) | T143: ds/Lo | Y143: H⅓/Ho' | AD143: Ho' | AI143: ds/Ho' | AN143: 비고
B144: =C125 -> 기존 구조물 | F144: =C135 -> B | J144: =AI21 -> 13.356 | O144: =ROUND(1.56*O21^2,2) -> 209.91 | T144: =ROUND(J144/O144,4) -> 0.0636 | Y144: 0.9846 | AD144: =ROUND(J31/Y144,2) -> 3.66 | AI144: =ROUND(J144/AD144,2) -> 3.65 | AR144: 0.063 | AS144: 0.986 | AT144: =(AS144-AS145)/(AR145-AR144) -> 2.3
F145: =C137 -> C | J145: =AI22 -> 13.356 | O145: =ROUND(1.56*O22^2,2) -> 209.91 | T145: =ROUND(J145/O145,4) -> 0.0636 | Y145: =Y144 -> 0.9846 | AD145: =ROUND(J32/Y145,2) -> 4.37 | AI145: =ROUND(J145/AD145,2) -> 3.06 | AR145: 0.064 | AS145: 0.9837 | AT145: =0.0006*AT144 -> 0.00138
F146: =C139 -> D | J146: =AI23 -> 13.356 | O146: =ROUND(1.56*O23^2,2) -> 209.91 | T146: =ROUND(J146/O146,4) -> 0.0636 | Y146: =Y145 -> 0.9846 | AD146: =ROUND(J33/Y146,2) -> 4.27 | AI146: =ROUND(J146/AD146,2) -> 3.13 | AT146: =AS144-AT145 -> 0.98462
C148: (4) 전달파고에 의한 방법 (KDS 64 10 10 p.107참조)
C149: - 전달파고 결정기준
E151: 전달 파고 (HT) = KTO × HI
F152: 여기서, | J152: KTO | K152: : 월파에 의한 파고 전달율
J153: HI | K153: : 입사 파고
J154: HT | K154: : 전달 파고
G166: 여기서, | K166: R | L166: : 처오름높이 | Z166: Θ | AB166: : 방파제 항외측 사면 경사각
K167: Ho' | L167: : 입사파고 | Z167: tanΘ | AB167: = | AC167: 1 | AD167: : | AE167: 1.5 | AG167: = | AH167: =ROUND(1/1.5,2) -> 0.67
K168: a,b | L168: : 피복재의 유형에 따른 경험 계수 | Z168: Lo | AB168: : 심해파 파장(=1.56 × To2)
...

Sheet 2.3 기존시설 쇄파대검토
A1: 1.1.2 쇄파대 검토 | AR1: *지우지말것
A2: 1) SPM에 의한 쇄파대산정
B3: 가) 산정조건
B4: 구 간 | L4: ='2.1 기존시설 설계조건'!I26 -> Aprox.H.H.W | R4: 구조물 축조 수심 (Aprox.H.H.W 기준) | AB4: 파랑조건 | BF4: 전면수심
AB5: 파 고 | AG5: 주 기 | AL5: 심해파장 | AV5: 구간 길이
B6: 기존시설물 | H6: B | L6: ='2.1 기존시설 설계조건'!P26 -> 3.356 | R6: =L6-BF6 -> 13.356 | AB6: ='2.2 기존시설 마루높이'!J21 -> 3.6 | AG6: ='2.2 기존시설 마루높이'!O21 -> 11.6 | AL6: =ROUND(1.56*AG6^2,2) -> 209.91 | AV6: 30 | AY6: m | BF6: ='2.2 기존시설 마루높이'!AB21 -> -10
H7: C | L7: ='2.1 기존시설 설계조건'!P26 -> 3.356 | R7: =L7-BF7 -> 13.356 | AB7: ='2.2 기존시설 마루높이'!J22 -> 4.3 | AG7: ='2.2 기존시설 마루높이'!O22 -> 11.6 | AL7: =ROUND(1.56*AG7^2,2) -> 209.91 | AV7: 70 | AY7: m | BF7: ='2.2 기존시설 마루높이'!AB22 -> -10
H8: D | L8: ='2.1 기존시설 설계조건'!P26 -> 3.356 | R8: =L8-BF8 -> 13.356 | AB8: ='2.2 기존시설 마루높이'!J23 -> 4.2 | AG8: ='2.2 기존시설 마루높이'!O23 -> 11.6 | AL8: =ROUND(1.56*AG8^2,2) -> 209.91 | BF8: ='2.2 기존시설 마루높이'!AB23 -> -10
AV9: 20 | AY9: m
AR10: 총길이 : | AV10: =SUM(AV6:AX9) -> 120 | AY10: m | BA10: =ROUND((AV6*BF6+AV7*BF7+#REF!*#REF!+AV9*BF9)/AV10,2) -> #REF!
B11: 나) 환산심해파고산정
B12: 구 간 | L12: 종 류 | P12: 해저경사(m) | V12: ds/Lo | AB12: H1/3/Ho' | AI12: 환산심해파고(Ho')
AR13: m(적용)
B14: =B6 -> 기존시설물 | H14: =H6 -> B | L14: 혼성제 | P14: =AR14 -> 0.02 | V14: =ROUND(R6/AL6,4) -> 0.0636 | AB14: =IF(L14="혼성제",VLOOKUP(V14,'C-1(혼성제) (3)'!$A$3:$B$732,2),IF(L14="경사제",VLOOKUP(V14,'C-1(경사제) (3)'!$A$3:$B$732,2),"에러..")) -> 0.986 | AI14: =ROUND(AB6/AB14,2) -> 3.65 | AR14: =AW18 -> 0.02
H15: =H7 -> C | L15: 혼성제 | P15: =AR15 -> 0.02 | V15: =ROUND(R7/AL7,4) -> 0.0636 | AB15: =IF(L15="혼성제",VLOOKUP(V15,'C-1(혼성제) (3)'!$A$3:$B$732,2),IF(L15="경사제",VLOOKUP(V15,'C-1(경사제) (3)'!$A$3:$B$732,2),"에러..")) -> 0.986 | AI15: =ROUND(AB7/AB15,2) -> 4.36 | AR15: =AW18 -> 0.02
H16: =H8 -> D | L16: 혼성제 | P16: =AR16 -> 0.02 | V16: =ROUND(R8/AL8,4) -> 0.0636 | AB16: =IF(L16="혼성제",VLOOKUP(V16,'C-1(혼성제) (3)'!$A$3:$B$732,2),IF(L16="경사제",VLOOKUP(V16,'C-1(경사제) (3)'!$A$3:$B$732,2),"에러..")) -> 0.986 | AI16: =ROUND(AB8/AB16,2) -> 4.26 | AR16: =AW18 -> 0.02
AR17: =BA18 -> 0.033
B18: 다) 쇄파수심 산정 | AR18: 기준 경사m : | AW18: 0.02 | AZ18: , | BA18: 0.033 | BD18: , | BE18: 0.05 | BH18: , | BI18: 0.1
AV19: ( | AW19: 1/50 | AZ19: , | BA19: 1/30 | BD19: , | BE19: 1/20 | BH19: , | BI19: 1/10 | BL19: )
E34: Shore Protection Manual p.7-7, Figure 7-3참조
B39: 구 간 | L39: Ho'/gT2 | V39: Hb/Ho' | AF39: 쇄파수심(Hb)
B41: =B14 -> 기존시설물 | H41: =H14 -> B | L41: =ROUND(ABS(AI14)/(9.81*AG6^2),4) -> 0.0028 | V41: =+VLOOKUP(L41,'C-1(경사제) (3)'!$L$3:$P$111,IF(AR14=0.02,2,IF(AR14=0.033,3,IF(AR14=0.05,4,IF(AR14=0.1,5,6)))),0) -> 1.23 | AF41: =V41*AI14 -> 4.4895
H42: =H15 -> C | L42: =ROUND(ABS(AI15)/(9.81*AG7^2),4) -> 0.0033 | V42: =+VLOOKUP(L42,'C-1(경사제) (3)'!$L$3:$P$111,IF(AR15=0.02,2,IF(AR15=0.033,3,IF(AR15=0.05,4,IF(AR15=0.1,5,6)))),0) -> 1.18 | AF42: =V42*AI15 -> 5.1448
H43: =H16 -> D | L43: =ROUND(ABS(AI16)/(9.81*AG8^2),4) -> 0.0032 | V43: =+VLOOKUP(L43,'C-1(경사제) (3)'!$L$3:$P$111,IF(AR16=0.02,2,IF(AR16=0.033,3,IF(AR16=0.05,4,IF(AR16=0.1,5,6)))),0) -> 1.19 | AF43: =V43*AI16 -> 5.0694
D70: Shore Protection Manual p.7-7, Figure 7-2참조
B72: 구 간 | K72: Hb/gT2 | S72: α | Y72: β | AE72: (db)max (α×Hb) | AK72: (db)min (β×Hb)
AR74: m
B75: =B41 -> 기존시설물 | G75: =H41 -> B | K75: =ROUND(ABS(AF41)/(9.81*AG6^2),4) -> 0.0034 | S75: =+VLOOKUP(K75,'C-1(경사제) (3)'!$R$4:$S$183,2) -> 1.513 | Y75: =+VLOOKUP(K75,'C-1(경사제) (3)'!$R$4:$X$183,IF(AR75=0.01,3,IF(AR75=0.02,4,IF(AR75=0.033,5,IF(AR75=0.05,6,IF(AR75=0.1,7,8))))),0) -> 1.135 | AE75: =ABS(S75*AF41) -> 6.7926135 | AK75: =ABS(Y75*AF41) -> 5.0955825 | AR75: =P14 -> 0.02
G76: =H42 -> C | K76: =ROUND(ABS(AF42)/(9.81*AG7^2),4) -> 0.0039 | S76: =+VLOOKUP(K76,'C-1(경사제) (3)'!$R$4:$S$183,2) -> 1.52 | Y76: =+VLOOKUP(K76,'C-1(경사제) (3)'!$R$4:$X$183,IF(AR76=0.01,3,IF(AR76=0.02,4,IF(AR76=0.033,5,IF(AR76=0.05,6,IF(AR76=0.1,7,8))))),0) -> 1.145 | AE76: =ABS(S76*AF42) -> 7.820096 | AK76: =ABS(Y76*AF42) -> 5.890796 | AR76: =P15 -> 0.02
G77: =H43 -> D | K77: =ROUND(ABS(AF43)/(9.81*AG8^2),4) -> 0.0038 | S77: =+VLOOKUP(K77,'C-1(경사제) (3)'!$R$4:$S$183,2) -> 1.517 | Y77: =+VLOOKUP(K77,'C-1(경사제) (3)'!$R$4:$X$183,IF(AR77=0.01,3,IF(AR77=0.02,4,IF(AR77=0.033,5,IF(AR77=0.05,6,IF(AR77=0.1,7,8))))),0) -> 1.145 | AE77: =ABS(S77*AF43) -> 7.6902798 | AK77: =ABS(Y77*AF43) -> 5.804463 | AR77: =P16 -> 0.02
AR78: =P17 -> 0
B80: 라) 쇄파대 판정
B81: 구 간 | K81: 구조물 축조 수심 | S81: 쇄파대 구간 | AH81: 쇄파대 판정
B82: =B75 -> 기존시설물 | G82: =G75 -> B | K82: =R6 -> 13.356 | S82: =AK75 -> 5.0955825 | Z82: ∼ | AA82: =AE75 -> 6.7926135 | AH82: =IF(AND(K82>=S82, K82<=AA82),"쇄파대","비쇄파대") -> 비쇄파대
G83: =G76 -> C | K83: =R7 -> 13.356 | S83: =AK76 -> 5.890796 | Z83: ∼ | AA83: =AE76 -> 7.820096 | AH83: =IF(AND(K83>=S83, K83<=AA83),"쇄파대","비쇄파대") -> 비쇄파대
G84: =G77 -> D | K84: =R8 -> 13.356 | S84: =AK77 -> 5.804463 | Z84: ∼ | AA84: =AE77 -> 7.6902798 | AH84: =IF(AND(K84>=S84, K84<=AA84),"쇄파대","비쇄파대") -> 비쇄파대
A87: 2) 항만 및 어항 설계기준에 의한 방법
B88: 가) 쇄파수심 산정
B89: 구 간 | K89: 심해파장 Lo | P89: 환산심해파고 Ho' | V89: 해저경사 m | AA89: Ho'/Lo | AF89: (h1/3)peak/Ho' | AL89: 쇄파수심 (h1/3)peak
AR90: h/LO | AV90: H/H'O | AZ90: H'O | BE90: 20 | BF90: 30 | BG90: 100
B91: =B82 -> 기존시설물 | G91: =G82 -> B | K91: =AL6 -> 209.91 | P91: =AZ91 -> 1.25 | V91: =P14 -> 0.02 | AA91: =P91/K91 -> 0.0059549331 | AF91: 2.6 | AL91: =AF91*P91 -> 3.25 | AR91: =R6/K91 -> 0.063627269 | AV91: =BF91 -> 2.88 | AZ91: =ROUND(AB6/AV91,2) -> 1.25 | BE91: 2.9 | BF91: =ROUND(BG91+(($BG$90-$BF$90)*(BE91-BG91)/($BG$90-$BE$90)),2) -> 2.88 | BG91: 2.72 | BI91: H/H'O
G92: =G83 -> C | K92: =AL7 -> 209.91 | P92: =AZ92 -> 2.18 | V92: =P15 -> 0.02 | AA92: =P92/K92 -> 0.010385403 | AF92: 2.1 | AL92: =AF92*P92 -> 4.578 | AR92: =R7/K92 -> 0.063627269 | AV92: =BF92 -> 1.97 | AZ92: =ROUND(AB7/AV92,2) -> 2.18 | BE92: 1.98 | BF92: =ROUND(BG92+(($BG$90-$BF$90)*(BE92-BG92)/($BG$90-$BE$90)),2) -> 1.97 | BG92: 1.9 | BI92: H/H'O
G93: =G84 -> D | K93: =AL8 -> 209.91 | P93: =AZ93 -> 2.13 | V93: =P16 -> 0.02 | AA93: =P93/K93 -> 0.010147206 | AF93: 2 | AL93: =AF93*P93 -> 4.26 | AR93: =R8/K93 -> 0.063627269 | AV93: =BF93 -> 1.97 | AZ93: =ROUND(AB8/AV93,2) -> 2.13 | BE93: 1.98 | BF93: =ROUND(BG93+(($BG$90-$BF$90)*(BE93-BG93)/($BG$90-$BE$90)),2) -> 1.97 | BG93: 1.9 | BI93: H/H'O
AR94: =R9/K94 -> #DIV/0! | AV94: =BF94 -> 1.59 | AZ94: =ROUND(AB9/AV94,2) -> 0 | BE94: 1.6 | BF94: =ROUND(BG94+(($BG$90-$BF$90)*(BE94-BG94)/($BG$90-$BE$90)),2) -> 1.59 | BG94: 1.52 | BI94: H/H'O
B96: 나) 쇄파대 판정
B97: 구 간 | K97: 구조물 축조 수심 | S97: 도표에 의한 방법 | AH97: 쇄파대 판정
B98: =B91 -> 기존시설물 | G98: =G91 -> B | K98: =K82 -> 13.356 | S98: =AL91 -> 3.25 | AH98: =IF(K98<=S98,"쇄파대","비쇄파대") -> 비쇄파대
G99: =G92 -> C | K99: =K83 -> 13.356 | S99: =AL92 -> 4.578 | AH99: =IF(K99<=S99,"쇄파대","비쇄파대") -> 비쇄파대
G100: =G93 -> D | K100: =K84 -> 13.356 | S100: =AL93 -> 4.26 | AH100: =IF(K100<=S100,"쇄파대","비쇄파대") -> 비쇄파대
A102: 3) 쇄파대 결정(H.W.L)
B103: 구 간 | K103: 구조물 축조 수심 | Q103: 쇄파대 | AK103: 쇄파대 결정
Q104: S.P.M | AD104: 설계기준
B105: =B98 -> 기존시설물 | G105: =G98 -> B | K105: =K98 -> 13.356 | Q105: =S82 -> 5.0955825 | W105: ∼ | X105: =AA82 -> 6.7926135 | AD105: =S98 -> 3.25 | AK105: =IF(K105<=AD105,"쇄파대","비쇄파대") -> 비쇄파대
G106: =G99 -> C | K106: =K99 -> 13.356 | Q106: =S83 -> 5.890796 | W106: ∼ | X106: =AA83 -> 7.820096 | AD106: =S99 -> 4.578 | AK106: =IF(K106<=X106,"쇄파대","비쇄파대") -> 비쇄파대
G107: =G100 -> D | K107: =K100 -> 13.356 | Q107: =S84 -> 5.804463 | W107: ∼ | X107: =AA84 -> 7.6902798 | AD107: =S100 -> 4.26 | AK107: =IF(K107<=X107,"쇄파대","비쇄파대") -> 비쇄파대

Sheet 2.4 기존시설 피복재검토
A1: 1.1.3 피복재 소요질량 검토
A2: 1) 설계 제원 (H1/3, T1/3)
B3: 구 분 | I3: 파 고 (H1/3, m) | O3: 주 기 (T1/3, Sec) | U3: 설계조위 (Aprox.H.H.W) | AB3: 전면수심(m) | AH3: 비 고
B4: ='2.1 기존시설 설계조건'!B20 -> 기존시설물 | F4: ='2.1 기존시설 설계조건'!H20 -> B | I4: ='2.1 기존시설 설계조건'!L20 -> 3.6 | O4: ='2.1 기존시설 설계조건'!Q20 -> 11.6 | U4: ='2.2 기존시설 마루높이'!U21 -> 3.356 | AB4: ='2.2 기존시설 마루높이'!AB21 -> -10
F5: ='2.1 기존시설 설계조건'!H21 -> C | I5: ='2.1 기존시설 설계조건'!L21 -> 4.3 | O5: ='2.1 기존시설 설계조건'!Q21 -> 11.6 | U5: ='2.2 기존시설 마루높이'!U22 -> 3.356 | AB5: ='2.2 기존시설 마루높이'!AB22 -> -10
F6: ='2.1 기존시설 설계조건'!H22 -> D | I6: ='2.1 기존시설 설계조건'!L22 -> 4.2 | O6: ='2.1 기존시설 설계조건'!Q22 -> 11.6 | U6: ='2.2 기존시설 마루높이'!U23 -> 3.356 | AB6: ='2.2 기존시설 마루높이'!AB23 -> -10
A8: 2) 피복재 소요질량 검토 방법
B9: 구 분 | L9: 산 정 방 법 | AA9: 비 고
B10: 허드슨 공식 | L10: Ns3 = KD·cotα
B11: Van Der Meer 공식 | L11: Ns = max(Nspl, Nssr)
B12: 다까하시·요시아 공식 | L12: Ns = CH{a(N0/N0.5)0.2+b}
B13: 확장된 다니모토식 | L13: Ns=max(1.8,(1.3·(1-K)/K1/3·h'/H1/3 +1.8·exp
L14: [-1.5·(1-K)2/K1/3 ·h'/H1/3])) ; BM/L' < 0.25
B15: Brebner & Donnelly 공식 | L15: 도표에 의한 방법산출
A17: 3) 피복재 소요질량 검토 결과
B18: 구 분 | L18: 산 정 결 과 | AE18: 비 고
L19: B | Q19: C | V19: D
B20: 허드슨 공식 | L20: =AB61 -> 6.3 | Q20: =AB64 -> 10 | V20: =AB67 -> 10 | AE20: T.T.P 적용시 (ton)
B21: Van Der Meer 공식 | L21: =AC97 -> 8 | Q21: =AC106 -> 16 | V21: =AC115 -> 12.5
B22: 다까하시·요시아 공식 | L22: =AC157 -> 8 | Q22: =AC164 -> 12.5 | V22: =AC171 -> 10
B23: 확장된 다니모토식 | L23: =AF231 -> 0.17737688 | Q23: =AF245 -> 0.45167715 | V23: =AF260 -> 0.41042828 | AE23: 피복석 적용시 (㎥)
B24: Brebner & Donnelly 공식 | L24: =AG294 -> 1.5331535 | Q24: =AG298 -> 2.6126637 | V24: =AG302 -> 1.7438762
B25: 중간 피복재 | L25: =(L21/10)/2.65 -> 0.30188679 | Q25: =(Q21/10)/2.65 -> 0.60377358 | V25: =(V21/10)/2.65 -> 0.47169811 | AE25: 외측 피복재 소요 중량의 1/10~1/15
A29: 나. 피복재 소요질량 산정
A30: 1) 허드슨 공식 (KDS 64 10 10, p.93 참조)
B31: ○ | C31: 파력을 받는 사면의 표면에 피복하는 사석 또는 블록의 안정질량
C33: 여기서, | I33: KD | J33: : 피복재 또는 피해율 등에 의해 결정되는 계수
I34: α | J34: : 사면의 경사각
B36: ○ | C36: 피복재 중량을 결정하기 위한 KD값
B37: 피 복 재 | N37: n | Q37: 거 치 | U37: 안정계수 KD | AG37: 비 고
U38: 쇄 파 | Z38: 비쇄파 | AD38: 경 사
B39: 매끈하고 둥근사석 | N39: 2 | Q39: 난적 | U39: 1.2 | Z39: 2.4 | AD39: 1.5~3.0
N40: 3 | Q40: =Q39 -> 난적 | U40: 1.6 | Z40: 3.2 | AD40: 〃
B41: 거칠고 모가 있는 돌 | AD41: 1.5
N42: 2 | Q42: 난적 | U42: 2 | Z42: 4 | AD42: 2
AD43: 3
N44: 3 | U44: 2.2 | Z44: 4.5
B45: 거칠고 모가 있는 돌 | N45: 2 | Q45: 특별한 것 | U45: 5.8 | Z45: 7
B46: 평면육면체 돌 | N46: 2 | Q46: =Q45 -> 특별한 것 | U46: 7.0~20.0 | Z46: 8.5~24.0
B47: 테트라포드(Tetrapod) 퀘드리포드(Quadripod) | N47: 2 | Q47: 난적 | U47: 7 | Z47: 8 | AD47: 1.5 2.0 3.0
B49: 트라이바(Tribar) | Q49: 난적 | AD49: 1.5
N50: 2 | U50: 9 | Z50: 10 | AD50: 2
AD51: 3
B52: 돌로스(Dolos) | N52: 2 | Q52: 난적 | U52: 15.8 | Z52: 31.8 | AD52: 2.0 3.0
B53: 모디파이드큐브 | N53: 2 | Q53: 난적 | U53: 6.5 | Z53: 7.5
B54: 헥사포드(Hexapod) | N54: 2 | U54: 8 | Z54: 9.5
B55: 토스케인(Toskane) | N55: 1 | U55: 11 | Z55: 22
B56: 트라이바(Tribar) | N56: 1 | Q56: 정적 | U56: 12 | Z56: 15
B59: ○ | C59: 피복재 질량산정 | AB59: ( | AC59: B구간 | AJ59: )
B60: ρr(kN/㎥) | G60: H⅓(m) | K60: KD | O60: Sr | T60: cotα | X60: M (kN) | AB60: T.T.P규격 | AH60: 비 고 | AP60: TTP | AQ60: 0.5 | AR60: 1 | AS60: 2 | AT60: 3.2 | AU60: 4 | AV60: 5 | AW60: 6.3 | AX60: 8 | AY60: 10 | AZ60: 12.5 | BA60: 16 | BB60: 20 | BC60: 25 | BD60: 32 | BE60: 40 | BF60: 50 | BG60: 64 | BH60: 72 | BI60: 80
B61: =2.3*9.81 -> 22.563 | G61: =I4 -> 3.6 | K61: =Z47 -> 8 | O61: =ROUND(B61/10.1,3) -> 2.234 | T61: 1.5 | X61: =(B61*G61^3/(K61*T61*(O61-1)^3)) -> 46.685028 | AB61: =AW60 -> 6.3 | AM61: =X61/9.81 -> 4.7589223 | AP61: 실중량 | AQ61: 0.46 | AR61: 0.92 | AS61: 1.84 | AT61: 2.88 | AU61: 3.68 | AV61: 4.6 | AW61: 5.75 | AX61: 7.36 | AY61: 9.2 | AZ61: 11.5 | BA61: 14.49 | BB61: 18.4 | BC61: 23 | BD61: 28.75 | BE61: 36.8 | BF61: 46 | BG61: 58.88 | BH61: 66.25 | BI61: 80.5
B62: ○ | C62: 피복재 질량산정 | AB62: ( | AC62: C구간 | AJ62: ) | AP62: k N | AQ62: =AQ61*9.81 -> 4.5126 | AR62: =AR61*9.81 -> 9.0252 | AS62: =AS61*9.81 -> 18.0504 | AT62: =AT61*9.81 -> 28.2528 | AU62: =AU61*9.81 -> 36.1008 | AV62: =AV61*9.81 -> 45.126 | AW62: =AW61*9.81 -> 56.4075 | AX62: =AX61*9.81 -> 72.2016 | ... BI62: =BI61*9.81 -> 789.705
B63: ρr(kN/㎥) | G63: H⅓(m) | K63: KD | O63: Sr | T63: cotα | X63: M (kN) | AB63: T.T.P규격 | AH63: 비 고
B64: =B61 -> 22.563 | G64: =I5 -> 4.3 | K64: =Z47 -> 8 | O64: =ROUND(B64/10.1,3) -> 2.234 | T64: 1.5 | X64: =(B64*G64^3/(K64*T64*(O64-1)^3)) -> 79.556466 | AB64: =AY60 -> 10 | AM64: =X64/9.81 -> 8.1097315
B65: ○ | C65: 피복재 질량산정 | AB65: ( | AC65: D구간 | AJ65: )
B66: ρr(kN/㎥) | G66: H⅓(m) | K66: KD | O66: Sr | T66: cotα | X66: M (kN) | AB66: T.T.P규격 | AH66: 비 고
B67: =B64 -> 22.563 | G67: =I6 -> 4.2 | K67: =Z47 -> 8 | O67: =ROUND(B67/10.1,3) -> 2.234 | T67: 1.5 | X67: =(B67*G67^3/(K67*T67*(O67-1)^3)) -> 74.134095 | AB67: =AY60 -> 10 | AM67: =X67/9.81 -> 7.5569923
A68: 2) Van der Meer 공식 (KDS 64 10 10, p.166 참조)
B69: ○ | C69: 마루높이가 높은 경사제의 사면 피복재에 파형구배나 파의수 , 피해의 정도를 고려함
B70: ○ | C70: 안정계수
F72: NS = max(Nspl, Nssr)
F73: Nspl = 6.2CHP0.18(S0.2/N0.1)Ir-0.5
F74: Nssr = CHP-0.13(S0.2/N0.1)(cotα)0.5IrP
G75: 여기서, | L75: Nspl | M75: : 쇄파(Plunging Breakers)에 대한 안정계수
L76: Nssr | M76: : 쇄기파(Surging Breakers)에 대한 안정계수
L77: Ir | M77: : 이리바렌수(Iribaren Number) (tanα/Som0.5)
L78: α | M78: : 사면이 수평면과 이루는 각
L79: Som | M79: : 파형구배(H⅓/Lo) | AM79: 비쇄파 | AN79: : | AO79: 1
L80: CH | M80: : 쇄파효과계수 (1.4/(H1/20/H1/3) | Y80: , | Z80: 비쇄파 영역에서는 1.0 | AM80: 쇄파 | AN80: : | AO80: 0.97
L81: Lo | M81: :심해파장 (Lo = gT2 /2π, g= 9.81 m/sec2 )
J82: H1/20 | M82: : 1/20 최대파고
J83: H1/3 | M83: : 1/3 유의파고
L84: P | M84: : 피복층 하부의 투수지수 (항·설 p142 도참 5-11)
L85: S | M85: : 변형정도 (S=A/Dn502) (항·설 p143 표참 5-1)
L86: A | M86: : 침식부의 면적
L87: N | M87: : 작용하는 파의 수
AB90: ( | AC90: =AC59 -> B구간 | AJ90: )
B91: H⅓ | I91: Lo | N91: Som | S91: Ir | X91: CH | AC91: P | AH91: 비 고 | AP91: TTP | AQ91: 0.5 | AR91: 1 | AS91: 2 | AT91: 3.2 | AU91: 4 | AV91: 5 | AW91: 6.3 | AX91: 8 | AY91: 10 | AZ91: 12.5 | BA91: 16 | BB91: 20 | BC91: 25 | BD91: 32 | BE91: 40 | BF91: 50 | BG91: 64 | BH91: 72 | BI91: 80
B92: =I4 -> 3.6 | I92: ='2.3 기존시설 쇄파대검토'!AL6 -> 209.91 | N92: =ROUND(B92/I92,5) -> 0.01715 | S92: =ROUND(1/1.5/N92^0.5,3) -> 5.091 | X92: =AO79 -> 1 | AC92: 0.5 | AP92: 실중량 | AQ92: 0.46 | AR92: 0.92 | AS92: 1.84 | AT92: 2.88 | AU92: 3.68 | AV92: 4.6 | AW92: 5.75 | AX92: 7.36 | AY92: 9.2 | AZ92: 11.5 | BA92: 14.49 | BB92: 18.4 | BC92: 23 | BD92: 28.75 | BE92: 36.8 | BF92: 46 | BG92: 58.88 | BH92: 66.25 | BI92: 80.5
B93: S | I93: N | N93: cotα | S93: Nspl | X93: Nssr | AC93: Ns | AH93: 비 고 | AP93: k N | AQ93: =AQ92*9.81 -> 4.5126 | AR93: =AR92*9.81 -> 9.0252 | AS93: =AS92*9.81 -> 18.0504 | AT93: =AT92*9.81 -> 28.2528 | AU93: =AU92*9.81 -> 36.1008 | AV93: =AV92*9.81 -> 45.126 | AW93: =AW92*9.81 -> 56.4075 | AX93: =AX92*9.81 -> 72.2016 | ... BI93: =BI92*9.81 -> 789.705
B94: 5 | I94: 1000 | N94: 1.5 | S94: =ROUND(6.2*X92*AC92^0.18*(B94^0.2/I94^0.1)*S92^-0.5,4) -> 1.6773 | X94: =ROUND(X92*AC92^-0.13*(B94^0.2/I94^0.1)*N94^0.5*S92^AC92,4) -> 2.0911 | AC94: =MAX(S94:AB94) -> 2.0911
B96: ρr(kN/㎥) | I96: H⅓(m) | N96: Ns | S96: Sr | X96: M (kN) | AC96: T.T.P규격 | AH96: 비 고
B97: =B61 -> 22.563 | I97: =B92 -> 3.6 | N97: =AC94 -> 2.0911 | S97: =ROUND(B97/10.1,3) -> 2.234 | X97: =(B97*I97^3/(N97^3*(S97-1)^3)) -> 61.268107 | AC97: =AX91 -> 8 | AM97: =X97/9.81 -> 6.2454747
AB99: ( | AC99: =AC62 -> C구간 | AJ99: )
B100: H⅓ | I100: Lo | N100: Som | S100: Ir | X100: CH | AC100: P | AH100: 비 고
B101: =I5 -> 4.3 | I101: ='2.3 기존시설 쇄파대검토'!AL7 -> 209.91 | N101: =ROUND(B101/I101,5) -> 0.02048 | S101: =ROUND(1/1.5/N101^0.5,3) -> 4.658 | X101: =AO79 -> 1 | AC101: 0.5
B102: S | I102: N | N102: cotα | S102: Nspl | X102: Nssr | AC102: Ns | AH102: 비 고
B103: 5 | I103: 1000 | N103: 1.5 | S103: =ROUND(6.2*X101*AC101^0.18*(B103^0.2/I103^0.1)*S101^-0.5,4) -> 1.7535 | X103: =ROUND(X101*AC101^-0.13*(B103^0.2/I103^0.1)*N103^0.5*S101^AC101,4) -> 2.0002 | AC103: =MAX(S103:AB103) -> 2.0002
B105: =B96 -> ρr(kN/㎥) | I105: H⅓(m) | N105: Ns | S105: Sr | X105: M (kN) | AC105: T.T.P규격 | AH105: 비 고
B106: =B97 -> 22.563 | I106: =B101 -> 4.3 | N106: =AC103 -> 2.0002 | S106: =ROUND(B106/10.1,3) -> 2.234 | X106: =(B106*I106^3/(N106^3*(S106-1)^3)) -> 119.29891 | AC106: =BA91 -> 16 | AL106: =W106/9.81 -> 0 | AM106: =X106/9.81 -> 12.160949
AB108: ( | AC108: =AC65 -> D구간 | AJ108: )
B109: H⅓ | I109: Lo | N109: Som | S109: Ir | X109: CH | AC109: P | AH109: 비 고
B110: =I6 -> 4.2 | I110: ='2.3 기존시설 쇄파대검토'!AL8 -> 209.91 | N110: =ROUND(B110/I110,5) -> 0.02001 | S110: =ROUND(1/1.5/N110^0.5,3) -> 4.713 | X110: =AO79 -> 1 | AC110: 0.5
B111: S | I111: N | N111: cotα | S111: Nspl | X111: Nssr | AC111: Ns | AH111: 비 고
B112: 5 | I112: 1000 | N112: 1.5 | S112: =ROUND(6.2*X110*AC110^0.18*(B112^0.2/I112^0.1)*S110^-0.5,4) -> 1.7432 | X112: =ROUND(X110*AC110^-0.13*(B112^0.2/I112^0.1)*N112^0.5*S110^AC110,4) -> 2.012 | AC112: =MAX(S112:AB112) -> 2.012
B114: =B105 -> ρr(kN/㎥) | I114: H⅓(m) | N114: Ns | S114: Sr | X114: M (kN) | AC114: T.T.P규격 | AH114: 비 고
B115: =B106 -> 22.563 | I115: =B110 -> 4.2 | N115: =AC112 -> 2.012 | S115: =ROUND(B115/10.1,3) -> 2.234 | X115: =(B115*I115^3/(N115^3*(S115-1)^3)) -> 109.2233 | AC115: =AZ91 -> 12.5 | AM115: =X115/9.81 -> 11.133874
B117: ○ | C117: 2층 피복의 경우에 있어서 각 단계의 피재에 대한 변형정도, S
Z130: 투수지수 P
C136: H1/20과 H1/3의 비(H1/20은 5H1/3 외해측의 값) | Y136: 침식부의 면적A
...

Sheet C-1(경사제) (2)
A1: d/Lo | B1: H/Ho' | D1: Ho'/gT² | E1: R/Ho' | Z1: 해저 기울기 1/50일때 h/Ho' 와 Ho'/Lo 에 따른 Hmax/Ho' | AH1: 해저 기울기 1/50일때 h/Ho' 와 Ho'/Lo 에 따른 H1/20 / H1/3
D2: ds/Ho' | E2: 0.8 | F2: 0.8 | G2: 0.8 | H2: 2 | I2: 2 | J2: 2 | L2: m | M2: 0.02 | N2: 0.033 | O2: 0.05 | P2: 0.1 | R2: Hb'/gT² | S2: α | T2: β
A3: 0.0001 | B3: 4.467 | D3: Slope | E3: 1.3 | F3: 1.5 | G3: 2 | H3: 1.3 | I3: 1.5 | J3: 2 | L3: 0.0004 | M3: 2.08 | N3: 2.28 | O3: 2.42 | P3: 2.53 | T3: 0.01 | U3: 0.02 | V3: 0.033 | W3: 0.05 | X3: 0.1 | Z3: h/Ho' | AA3: Ho'/Lo | AH3: h/Ho' | AI3: Ho'/Lo
A4: 0.0002 | B4: 3.757 | D4: 0.0003 | E4: 5.69 | F4: 5.63 | G4: 5.53 | H4: 4.21 | I4: 4.11 | J4: 4.22 | L4: 0.0005 | M4: 1.96 | N4: 2.13 | O4: 2.26 | P4: 2.38 | R4: 0.0001 | S4: 1.475 | U4: 1.06 | V4: 0.99 | W4: 0.88 | X4: 0.725 | AA4: 0.002 | AB4: 0.005 | AC4: 0.01 | AD4: 0.02 | AE4: 0.04 | AF4: 0.08 | AI4: 0.002 | AJ4: 0.005 | AK4: 0.01 | AL4: 0.02 | AM4: 0.04 | AN4: 0.08
A5: 0.0003 | B5: 3.395 | D5: 0.0006 | E5: 5.4 | F5: 5.33 | G5: 5.25 | H5: 3.99 | I5: 3.93 | J5: 3.98 | L5: 0.0006 | M5: 1.86 | N5: 2.02 | O5: 2.13 | P5: 2.27 | R5: 0.0002 | S5: 1.475 | U5: 1.06 | V5: 0.995 | W5: 0.88 | X5: 0.73 | Z5: 0 | AA5: 0.69 | AB5: 0.46 | AC5: 0.34 | AD5: 0.25 | AE5: 0.2 | AF5: 0.16 | AH5: 0 | AI5: 1.452 | AJ5: 1.448 | AK5: 1.441 | AL5: 1.427 | AM5: 1.408 | AN5: 1.383
A6: 0.0004 | B6: 3.16 | D6: 0.0009 | E6: 5.05 | F6: 4.97 | G6: 4.85 | H6: 3.78 | I6: 3.83 | J6: 3.84 | L6: 0.0007 | M6: 1.78 | N6: 1.93 | O6: 2.04 | P6: 2.16 | R6: 0.0003 | S6: 1.475 | U6: 1.065 | V6: 1 | W6: 0.885 | X6: 0.735 | Z6: 0.1 | AA6: 0.72 | AB6: 0.51 | AC6: 0.39 | AD6: 0.31 | AE6: 0.26 | AF6: 0.21 | AH6: 0.1 | AI6: 1.439 | AJ6: 1.426 | AK6: 1.41 | AL6: 1.383 | AM6: 1.353 | AN6: 1.323
A7: 0.0005 | B7: 2.989 | D7: 0.0012 | E7: 4.79 | F7: 4.68 | G7: 4.46 | H7: 3.4 | I7: 3.59 | J7: 3.7 | L7: 0.0008 | M7: 1.72 | N7: 1.86 | O7: 1.96 | P7: 2.08 | R7: 0.0004 | S7: 1.475 | U7: 1.065 | V7: 1 | W7: 0.89 | X7: 0.74 | Z7: 0.2 | AA7: 0.77 | AB7: 0.56 | AC7: 0.45 | AD7: 0.37 | AE7: 0.32 | AF7: 0.27 | AH7: 0.2 | AI7: 1.422 | AJ7: 1.398 | AK7: 1.373 | AL7: 1.344 | AM7: 1.313 | AN7: 1.287
A8: 0.0006 | B8: 2.856 | D8: 0.0016 | E8: 4.53 | F8: 4.44 | G8: 4.12 | H8: 3.14 | I8: 3.26 | J8: 3.4 | L8: 0.0009 | M8: 1.66 | N8: 1.8 | O8: 1.9 | P8: 2.01 | R8: 0.0005 | S8: 1.48 | U8: 1.07 | V8: 1 | W8: 0.89 | X8: 0.74 | Z8: 0.3 | AA8: 0.81 | AB8: 0.62 | AC8: 0.51 | AD8: 0.43 | AE8: 0.38 | AF8: 0.33 | AH8: 0.3 | AI8: 1.404 | AJ8: 1.372 | AK8: 1.343 | AL8: 1.316 | AM8: 1.289 | AN8: 1.267
A9: 0.0007 | B9: 2.749 | D9: 0.0019 | E9: 4.29 | F9: 4.17 | G9: 3.86 | H9: 2.99 | I9: 3.16 | J9: 3.31 | L9: 0.001 | M9: 1.61 | N9: 1.75 | O9: 1.84 | P9: 1.96 | R9: 0.0006 | S9: 1.48 | U9: 1.07 | V9: 1.005 | W9: 0.895 | X9: 0.745 | Z9: 0.4 | AA9: 0.86 | AB9: 0.67 | AC9: 0.57 | AD9: 0.49 | AE9: 0.44 | AF9: 0.39 | AH9: 0.4 | AI9: 1.385 | AJ9: 1.349 | AK9: 1.321 | AL9: 1.296 | AM9: 1.274 | AN9: 1.257
A10: 0.0008 | B10: 2.659 | D10: 0.0023 | E10: 3.98 | F10: 3.87 | G10: 3.5 | H10: 2.8 | I10: 3 | J10: 3.13 | L10: 0.0011 | M10: 1.56 | N10: 1.7 | O10: 1.79 | P10: 1.91 | R10: 0.0007 | S10: 1.48 | U10: 1.075 | V10: 1.005 | W10: 0.9 | X10: 0.745 | Z10: 0.5 | AA10: 0.92 | AB10: 0.73 | AC10: 0.64 | AD10: 0.56 | AE10: 0.51 | AF10: 0.45 | AH10: 0.5 | AI10: 1.368 | AJ10: 1.332 | AK10: 1.306 | AL10: 1.283 | AM10: 1.265 | AN10: 1.25
A11: 0.0009 | B11: 2.582 | D11: 0.0031 | E11: 3.6 | F11: 3.46 | G11: 3.11 | H11: 2.51 | I11: 2.79 | J11: 2.85 | L11: 0.0012 | M11: 1.53 | N11: 1.65 | O11: 1.75 | P11: 1.86 | R11: 0.0008 | S11: 1.48 | U11: 1.075 | V11: 1.01 | W11: 0.9 | X11: 0.75 | Z11: 0.6 | AA11: 0.98 | AB11: 0.8 | AC11: 0.7 | AD11: 0.63 | AE11: 0.58 | AF11: 0.52 | AH11: 0.6 | AI11: 1.351 | AJ11: 1.316 | AK11: 1.293 | AL11: 1.275 | AM11: 1.259 | AN11: 1.246
A12: 0.001 | B12: 2.515 | D12: 0.0047 | E12: 3.06 | F12: 2.92 | G12: 2.59 | H12: 2.32 | I12: 2.57 | J12: 2.63 | L12: 0.0013 | M12: 1.49 | N12: 1.61 | O12: 1.71 | P12: 1.82 | R12: 0.0009 | S12: 1.485 | U12: 1.08 | V12: 1.01 | W12: 0.9 | X12: 0.75 | Z12: 0.7 | AA12: 1.04 | AB12: 0.86 | AC12: 0.77 | AD12: 0.7 | AE12: 0.65 | AF12: 0.58 | AH12: 0.7 | AI12: 1.338 | AJ12: 1.305 | AK12: 1.284 | AL12: 1.268 | AM12: 1.255 | AN12: 1.243
A13: 0.0011 | B13: 2.456 | D13: 0.0062 | E13: 2.69 | F13: 2.54 | G13: 2.11 | H13: 2.09 | I13: 2.41 | J13: 2.32 | L13: 0.0014 | M13: 1.46 | N13: 1.58 | O13: 1.68 | P13: 1.78 | R13: 0.001 | S13: 1.485 | U13: 1.085 | V13: 1.015 | W13: 0.9 | X13: 0.75 | Z13: 0.8 | AA13: 1.1 | AB13: 0.93 | AC13: 0.84 | AD13: 0.77 | AE13: 0.72 | AF13: 0.64 | AH13: 0.8 | AI13: 1.326 | AJ13: 1.297 | AK13: 1.278 | AL13: 1.265 | AM13: 1.253 | AN13: 1.242
A14: 0.0012 | B14: 2.404 | D14: 0.0078 | E14: 2.4 | F14: 2.25 | G14: 1.84 | H14: 1.92 | I14: 2.25 | J14: 2.1 | L14: 0.0015 | M14: 1.43 | N14: 1.55 | O14: 1.65 | P14: 1.75 | R14: 0.0011 | S14: 1.485 | U14: 1.09 | V14: 1.02 | W14: 0.905 | X14: 0.75 | Z14: 0.9 | AA14: 1.17 | AB14: 1 | AC14: 0.92 | AD14: 0.84 | AE14: 0.79 | AF14: 0.7 | AH14: 0.9 | AI14: 1.316 | AJ14: 1.288 | AK14: 1.273 | AL14: 1.261 | AM14: 1.252 | AN14: 1.243
A15: 0.0013 | B15: 2.357 | D15: 0.0093 | E15: 2.15 | F15: 1.98 | G15: 1.62 | H15: 1.85 | I15: 2.11 | J15: 1.85 | L15: 0.0016 | M15: 1.41 | N15: 1.52 | O15: 1.62 | P15: 1.72 | R15: 0.0012 | S15: 1.485 | U15: 1.095 | V15: 1.02 | W15: 0.905 | X15: 0.755 | Z15: 1 | AA15: 1.23 | AB15: 1.07 | AC15: 0.99 | AD15: 0.91 | AE15: 0.85 | AF15: 0.75 | AH15: 1 | AI15: 1.308 | AJ15: 1.283 | AK15: 1.269 | AL15: 1.26 | AM15: 1.253 | AN15: 1.244
A16: 0.0014 | B16: 2.314 | D16: 0.0124 | E16: 1.86 | F16: 1.76 | G16: 1.38 | H16: 1.71 | I16: 1.94 | J16: 1.61 | L16: 0.0017 | M16: 1.39 | N16: 1.5 | O16: 1.6 | P16: 1.69 | R16: 0.0013 | S16: 1.49 | U16: 1.1 | V16: 1.025 | W16: 0.91 | X16: 0.76 | Z16: 1.1 | AA16: 1.3 | AB16: 1.14 | AC16: 1.06 | AD16: 0.98 | AE16: 0.92 | AF16: 0.81 | AH16: 1.1 | AI16: 1.301 | AJ16: 1.278 | AK16: 1.266 | AL16: 1.259 | AM16: 1.255 | AN16: 1.248
A17: 0.0015 | B17: 2.275 | L17: 0.0018 | M17: 1.37 | N17: 1.47 | O17: 1.57 | P17: 1.67 | R17: 0.0014 | S17: 1.49 | U17: 1.1 | V17: 1.025 | W17: 0.91 | X17: 0.765 | Z17: 1.2 | AA17: 1.37 | AB17: 1.22 | AC17: 1.14 | AD17: 1.05 | AE17: 0.98 | AF17: 0.86 | AH17: 1.2 | AI17: 1.295 | AJ17: 1.274 | AK17: 1.265 | AL17: 1.261 | AM17: 1.259 | AN17: 1.252
A18: 0.0016 | B18: 2.239 | L18: 0.0019 | M18: 1.35 | N18: 1.45 | O18: 1.55 | P18: 1.64 | R18: 0.0015 | S18: 1.49 | U18: 1.1 | V18: 1.025 | W18: 0.915 | X18: 0.77 | Z18: 1.3 | AA18: 1.43 | AB18: 1.29 | AC18: 1.21 | AD18: 1.13 | AE18: 1.04 | AF18: 0.91 | AH18: 1.3 | AI18: 1.29 | AJ18: 1.272 | AK18: 1.264 | AL18: 1.262 | AM18: 1.265 | AN18: 1.257
A19: 0.0017 | B19: 2.205 | L19: 0.002 | M19: 1.33 | N19: 1.43 | O19: 1.53 | P19: 1.62 | R19: 0.0016 | S19: 1.49 | U19: 1.105 | V19: 1.025 | W19: 0.915 | X19: 0.775 | Z19: 1.4 | AA19: 1.5 | AB19: 1.37 | AC19: 1.29 | AD19: 1.2 | AE19: 1.1 | AF19: 0.95 | AH19: 1.4 | AI19: 1.285 | AJ19: 1.27 | AK19: 1.264 | AL19: 1.267 | AM19: 1.272 | AN19: 1.265
A20: 0.0018 | B20: 2.174 | D20: ds/Ho' >3.0 일경우(사석경사면) | L20: 0.0021 | M20: 1.31 | N20: 1.41 | O20: 1.51 | P20: 1.6 | R20: 0.0017 | S20: 1.495 | U20: 1.105 | V20: 1.03 | W20: 0.92 | X20: 0.775 | Z20: 1.5 | AA20: 1.58 | AB20: 1.44 | AC20: 1.36 | AD20: 1.27 | AE20: 1.16 | AF20: 1 | AH20: 1.5 | AI20: 1.282 | AJ20: 1.269 | AK20: 1.265 | AL20: 1.273 | AM20: 1.283 | AN20: 1.273
A21: 0.0019 | B21: 2.145 | D21: Ho'/gT² | E21: R/Ho' | L21: 0.0022 | M21: 1.3 | N21: 1.4 | O21: 1.5 | P21: 1.58 | R21: 0.0018 | S21: 1.495 | U21: 1.105 | V21: 1.03 | W21: 0.92 | X21: 0.775 | Z21: 1.6 | AA21: 1.65 | AB21: 1.52 | AC21: 1.44 | AD21: 1.34 | AE21: 1.22 | AF21: 1.05 | AH21: 1.6 | AI21: 1.279 | AJ21: 1.268 | AK21: 1.267 | AL21: 1.28 | AM21: 1.295 | AN21: 1.282
A22: 0.002 | B22: 2.119 | E22: SLOPE=1.5 | F22: SLOPE=2.0 | G22: SLOPE=2.5 | L22: 0.0023 | M22: 1.29 | N22: 1.385 | O22: 1.485 | P22: 1.56 | R22: 0.0019 | S22: 1.495 | U22: 1.11 | V22: 1.035 | W22: 0.925 | X22: 0.775 | Z22: 1.7 | AA22: 1.72 | AB22: 1.59 | AC22: 1.51 | AD22: 1.4 | AE22: 1.28 | AF22: 1.09 | AH22: 1.7 | AI22: 1.277 | AJ22: 1.268 | AK22: 1.271 | AL22: 1.289 | AM22: 1.307 | AN22: 1.29
A23: 0.0021 | B23: 2.094 | D23: 0.0004 | E23: 0.833 | F23: 0.924 | G23: 0.799 | L23: 0.0024 | M23: 1.275 | N23: 1.37 | O23: 1.465 | P23: 1.54 | R23: 0.002 | S23: 1.495 | U23: 1.11 | V23: 1.035 | W23: 0.925 | X23: 0.78 | Z23: 1.8 | AA23: 1.8 | AB23: 1.67 | AC23: 1.59 | AD23: 1.47 | AE23: 1.33 | AF23: 1.13 | AH23: 1.8 | AI23: 1.274 | AJ23: 1.268 | AK23: 1.277 | AL23: 1.3 | AM23: 1.32 | AN23: 1.298
A24: 0.0022 | B24: 2.07 | D24: 0.0005 | E24: 0.853 | F24: 0.957 | G24: 0.842 | L24: 0.0025 | M24: 1.26 | N24: 1.36 | O24: 1.45 | P24: 1.53 | R24: 0.0021 | S24: 1.5 | U24: 1.115 | V24: 1.04 | W24: 0.925 | X24: 0.78 | Z24: 1.9 | AA24: 1.87 | AB24: 1.74 | AC24: 1.66 | AD24: 1.53 | AE24: 1.38 | AF24: 1.17 | AH24: 1.9 | AI24: 1.272 | AJ24: 1.27 | AK24: 1.284 | AL24: 1.313 | AM24: 1.334 | AN24: 1.306
A25: 0.0023 | B25: 2.047 | D25: 0.0006 | E25: 0.87 | F25: 0.981 | G25: 0.875 | L25: 0.0026 | M25: 1.25 | N25: 1.35 | O25: 1.44 | P25: 1.51 | R25: 0.0022 | S25: 1.5 | U25: 1.115 | V25: 1.04 | W25: 0.925 | X25: 0.785 | Z25: 2 | AA25: 1.95 | AB25: 1.82 | AC25: 1.73 | AD25: 1.59 | AE25: 1.42 | AF25: 1.21 | AH25: 2 | AI25: 1.271 | AJ25: 1.272 | AK25: 1.291 | AL25: 1.326 | AM25: 1.346 | AN25: 1.314
A26: 0.0024 | B26: 2.025 | D26: 0.0008 | E26: 0.895 | F26: 1.029 | G26: 0.925 | L26: 0.0027 | M26: 1.24 | N26: 1.34 | O26: 1.425 | P26: 1.5 | R26: 0.0023 | S26: 1.5 | U26: 1.115 | V26: 1.045 | W26: 0.93 | X26: 0.785 | Z26: 2.1 | AA26: 2.02 | AB26: 1.89 | AC26: 1.8 | AD26: 1.64 | AE26: 1.46 | AF26: 1.24 | AH26: 2.1 | AI26: 1.271 | AJ26: 1.275 | AK26: 1.301 | AL26: 1.34 | AM26: 1.357 | AN26: 1.321
A27: 0.0025 | B27: 2.005 | D27: 0.001 | E27: 0.92 | F27: 1.058 | G27: 0.969 | L27: 0.0028 | M27: 1.23 | N27: 1.33 | O27: 1.41 | P27: 1.49 | R27: 0.0024 | S27: 1.5 | U27: 1.12 | V27: 1.045 | W27: 0.93 | X27: 0.79 | Z27: 2.2 | AA27: 2.1 | AB27: 1.97 | AC27: 1.86 | AD27: 1.69 | AE27: 1.5 | AF27: 1.27 | AH27: 2.2 | AI27: 1.27 | AJ27: 1.279 | AK27: 1.311 | AL27: 1.352 | AM27: 1.368 | AN27: 1.329
A28: 0.0026 | B28: 1.986 | D28: 0.0015 | E28: 0.972 | F28: 1.104 | G28: 1.075 | L28: 0.0029 | M28: 1.22 | N28: 1.31 | O28: 1.4 | P28: 1.475 | R28: 0.0025 | S28: 1.505 | U28: 1.12 | V28: 1.05 | W28: 0.935 | X28: 0.79 | Z28: 2.3 | AA28: 2.18 | AB28: 2.05 | AC28: 1.92 | AD28: 1.73 | AE28: 1.53 | AF28: 1.3 | AH28: 2.3 | AI28: 1.27 | AJ28: 1.284 | AK28: 1.323 | AL28: 1.362 | AM28: 1.377 | AN28: 1.335
A29: 0.0027 | B29: 1.967 | D29: 0.002 | E29: 1.014 | F29: 1.104 | G29: 1.05 | L29: 0.003 | M29: 1.21 | N29: 1.3 | O29: 1.39 | P29: 1.46 | R29: 0.0026 | S29: 1.505 | U29: 1.12 | V29: 1.05 | W29: 0.935 | X29: 0.795 | Z29: 2.4 | AA29: 2.25 | AB29: 2.12 | AC29: 1.97 | AD29: 1.76 | AE29: 1.56 | AF29: 1.33 | AH29: 2.4 | AI29: 1.271 | AJ29: 1.292 | AK29: 1.334 | AL29: 1.369 | AM29: 1.383 | AN29: 1.342
A30: 0.0028 | B30: 1.95 | D30: 0.003 | E30: 1.032 | F30: 1.04 | G30: 1.008 | J30: · | L30: 0.0031 | M30: 1.2 | N30: 1.3 | O30: 1.38 | P30: 1.45 | R30: 0.0027 | S30: 1.505 | U30: 1.125 | V30: 1.05 | W30: 0.94 | X30: 0.8 | Z30: 2.5 | AA30: 2.33 | AB30: 2.19 | AC30: 2.02 | AD30: 1.79 | AE30: 1.59 | AF30: 1.36 | AH30: 2.5 | AI30: 1.272 | AJ30: 1.299 | AK30: 1.345 | AL30: 1.376 | AM30: 1.388 | AN30: 1.348
A31: 0.0029 | B31: 1.933 | D31: 0.004 | E31: 0.996 | F31: 0.976 | G31: 0.944 | L31: 0.0032 | M31: 1.19 | N31: 1.29 | O31: 1.37 | P31: 1.44 | R31: 0.0028 | S31: 1.505 | U31: 1.125 | V31: 1.05 | W31: 0.94 | X31: 0.8 | Z31: 2.6 | AA31: 2.4 | AB31: 2.26 | AC31: 2.06 | AD31: 1.81 | AE31: 1.6 | AF31: 1.38 | AH31: 2.6 | AI31: 1.273 | AJ31: 1.308 | AK31: 1.354 | AL31: 1.38 | AM31: 1.392 | AN31: 1.354
A32: 0.003 | B32: 1.917 | D32: 0.005 | E32: 0.957 | F32: 0.925 | G32: 0.885 | L32: 0.0033 | M32: 1.18 | N32: 1.28 | O32: 1.36 | P32: 1.43 | R32: 0.0029 | S32: 1.51 | U32: 1.125 | V32: 1.05 | W32: 0.945 | X32: 0.8 | Z32: 2.7 | AA32: 2.47 | AB32: 2.33 | AC32: 2.08 | AD32: 1.82 | AE32: 1.62 | AF32: 1.41 | AH32: 2.7 | AI32: 1.276 | AJ32: 1.317 | AK32: 1.362 | AL32: 1.383 | AM32: 1.395 | AN32: 1.359
A33: 0.0031 | B33: 1.902 | D33: 0.006 | E33: 0.916 | F33: 0.884 | G33: 0.829 | L33: 0.0034 | M33: 1.175 | N33: 1.27 | O33: 1.35 | P33: 1.42 | R33: 0.003 | S33: 1.51 | U33: 1.13 | V33: 1.055 | W33: 0.945 | X33: 0.8 | Z33: 2.8 | AA33: 2.54 | AB33: 2.39 | AC33: 2.11 | AD33: 1.82 | AE33: 1.63 | AF33: 1.43 | AH33: 2.8 | AI33: 1.278 | AJ33: 1.326 | AK33: 1.368 | AL33: 1.385 | AM33: 1.397 | AN33: 1.363
A34: 0.0032 | B34: 1.887 | D34: 0.008 | E34: 0.832 | F34: 0.792 | G34: 0.718 | L34: 0.0035 | M34: 1.17 | N34: 1.26 | O34: 1.34 | P34: 1.41 | R34: 0.0031 | S34: 1.51 | U34: 1.13 | V34: 1.055 | W34: 0.95 | X34: 0.805 | Z34: 2.9 | AA34: 2.62 | AB34: 2.45 | AC34: 2.12 | AD34: 1.83 | AE34: 1.64 | AF34: 1.45 | AH34: 2.9 | AI34: 1.283 | AJ34: 1.336 | AK34: 1.372 | AL34: 1.387 | AM34: 1.398 | AN34: 1.367
A35: 0.0033 | B35: 1.873 | D35: 0.01 | E35: 0.755 | F35: 0.719 | G35: 0.639 | L35: 0.0036 | M35: 1.165 | N35: 1.255 | O35: 1.33 | P35: 1.4 | R35: 0.0032 | S35: 1.51 | U35: 1.13 | V35: 1.055 | W35: 0.95 | X35: 0.805 | Z35: 3 | AA35: 2.69 | AB35: 2.5 | AC35: 2.13 | AD35: 1.83 | AE35: 1.66 | AF35: 1.47 | AH35: 3 | AI35: 1.287 | AJ35: 1.343 | AK35: 1.376 | AL35: 1.389 | AM35: 1.399 | AN35: 1.37
A36: 0.0034 | B36: 1.86 | D36: 0.015 | E36: 0.613 | F36: 0.579 | G36: 0.495 | L36: 0.0037 | M36: 1.16 | N36: 1.25 | O36: 1.32 | P36: 1.39 | R36: 0.0033 | S36: 1.511 | T36: 1.201 | U36: 1.135 | V36: 1.06 | W36: 0.95 | X36: 0.81 | Z36: 3.1 | AA36: 2.77 | AB36: 2.53 | AC36: 2.13 | AD36: 1.82 | AE36: 1.66 | AF36: 1.49 | AH36: 3.1 | AI36: 1.291 | AJ36: 1.35 | AK36: 1.379 | AL36: 1.392 | AM36: 1.4 | AN36: 1.373
A37: 0.0035 | B37: 1.847 | D37: 0.02 | E37: 0.513 | F37: 0.47 | G37: 0.404 | L37: 0.0038 | M37: 1.15 | N37: 1.24 | O37: 1.31 | P37: 1.38 | R37: 0.0034 | S37: 1.513 | T37: 1.202 | U37: 1.135 | V37: 1.06 | W37: 0.95 | X37: 0.81 | Z37: 3.2 | AA37: 2.85 | AB37: 2.55 | AC37: 2.13 | AD37: 1.82 | AE37: 1.66 | AF37: 1.5 | AH37: 3.2 | AI37: 1.297 | AJ37: 1.355 | AK37: 1.382 | AL37: 1.393 | AM37: 1.4 | AN37: 1.376
A38: 0.0036 | B38: 1.834 | L38: 0.0039 | M38: 1.14 | N38: 1.235 | O38: 1.3 | P38: 1.37 | R38: 0.0035 | S38: 1.515 | T38: 1.202 | U38: 1.14 | V38: 1.06 | W38: 0.95 | X38: 0.815 | Z38: 3.3 | AA38: 2.92 | AB38: 2.56 | AC38: 2.12 | AD38: 1.81 | AE38: 1.67 | AF38: 1.52 | AH38: 3.3 | AI38: 1.303 | AJ38: 1.36 | AK38: 1.384 | AL38: 1.394 | AM38: 1.401 | AN38: 1.379
A39: 0.0037 | B39: 1.822 | L39: 0.004 | M39: 1.14 | N39: 1.23 | O39: 1.3 | P39: 1.36 | R39: 0.0036 | S39: 1.515 | T39: 1.203 | U39: 1.14 | V39: 1.065 | W39: 0.955 | X39: 0.815 | Z39: 3.4 | AA39: 2.98 | AB39: 2.56 | AC39: 2.12 | AD39: 1.8 | AE39: 1.67 | AF39: 1.54 | AH39: 3.4 | AI39: 1.309 | AJ39: 1.363 | AK39: 1.386 | AL39: 1.395 | AM39: 1.401 | AN39: 1.381
A40: 0.0038 | B40: 1.81 | L40: 0.0041 | M40: 1.13 | N40: 1.225 | O40: 1.29 | P40: 1.355 | R40: 0.0037 | S40: 1.516 | T40: 1.204 | U40: 1.14 | V40: 1.065 | W40: 0.955 | X40: 0.82 | Z40: 3.5 | AA40: 3.05 | AB40: 2.55 | AC40: 2.1 | AD40: 1.79 | AE40: 1.67 | AF40: 1.55 | AH40: 3.5 | AI40: 1.316 | AJ40: 1.367 | AK40: 1.388 | AL40: 1.397 | AM40: 1.401 | AN40: 1.383
A41: 0.0039 | B41: 1.799 | L41: 0.0042 | M41: 1.13 | N41: 1.22 | O41: 1.28 | P41: 1.35 | R41: 0.0038 | S41: 1.517 | T41: 1.205 | U41: 1.145 | V41: 1.065 | W41: 0.96 | X41: 0.82 | Z41: 3.6 | AA41: 3.11 | AB41: 2.54 | AC41: 2.09 | AD41: 1.78 | AE41: 1.67 | AF41: 1.57 | AH41: 3.6 | AI41: 1.323 | AJ41: 1.369 | AK41: 1.389 | AL41: 1.397 | AM41: 1.401 | AN41: 1.385
A42: 0.004 | B42: 1.788 | L42: 0.0043 | M42: 1.12 | N42: 1.215 | O42: 1.27 | P42: 1.35 | R42: 0.0039 | S42: 1.52 | U42: 1.145 | V42: 1.075 | W42: 0.96 | X42: 0.825 | Z42: 3.7 | AA42: 3.17 | AB42: 2.52 | AC42: 2.07 | AD42: 1.77 | AE42: 1.66 | AF42: 1.58 | AH42: 3.7 | AI42: 1.33 | AJ42: 1.371 | AK42: 1.391 | AL42: 1.398 | AM42: 1.402 | AN42: 1.386
A43: 0.0041 | B43: 1.777 | L43: 0.0044 | M43: 1.12 | N43: 1.21 | O43: 1.26 | P43: 1.34 | R43: 0.004 | S43: 1.52 | U43: 1.145 | V43: 1.075 | W43: 0.965 | X43: 0.825 | Z43: 3.8 | AA43: 3.22 | AB43: 2.49 | AC43: 2.05 | AD43: 1.75 | AE43: 1.66 | AF43: 1.59 | AH43: 3.8 | AI43: 1.335 | AJ43: 1.374 | AK43: 1.391 | AL43: 1.398 | AM43: 1.402 | AN43: 1.387
A44: 0.0042 | B44: 1.767 | L44: 0.0045 | M44: 1.11 | N44: 1.205 | O44: 1.255 | P44: 1.33 | R44: 0.0041 | S44: 1.52 | T44: 1.213075 | U44: 1.15 | V44: 1.075 | W44: 0.97 | X44: 0.825 | Z44: 3.9 | AA44: 3.27 | AB44: 2.45 | AC44: 2.02 | AD44: 1.74 | AE44: 1.66 | AF44: 1.6 | AH44: 3.9 | AI44: 1.34 | AJ44: 1.376 | AK44: 1.391 | AL44: 1.398 | AM44: 1.402 | AN44: 1.388
A45: 0.0043 | B45: 1.756 | L45: 0.0046 | M45: 1.1 | N45: 1.2 | O45: 1.25 | P45: 1.325 | R45: 0.0042 | S45: 1.52 | T45: 1.213875 | U45: 1.15 | V45: 1.075 | W45: 0.975 | X45: 0.825 | Z45: 4 | AA45: 3.32 | AB45: 2.41 | AC45: 1.98 | AD45: 1.72 | AE45: 1.66 | AF45: 1.61 | AH45: 4 | AI45: 1.345 | AJ45: 1.378 | AK45: 1.391 | AL45: 1.398 | AM45: 1.402 | AN45: 1.389
A46: 0.0044 | B46: 1.746 | L46: 0.0047 | M46: 1.1 | N46: 1.19 | O46: 1.245 | P46: 1.32 | R46: 0.0043 | S46: 1.525 | T46: 1.214625 | U46: 1.15 | V46: 1.08 | W46: 0.975 | X46: 0.83
A47: 0.0045 | B47: 1.737 | L47: 0.0048 | M47: 1.1 | N47: 1.18 | O47: 1.24 | P47: 1.31 | R47: 0.0044 | S47: 1.525 | U47: 1.15 | V47: 1.08 | W47: 0.975 | X47: 0.83
A48: 0.0046 | B48: 1.727 | L48: 0.0049 | M48: 1.09 | N48: 1.175 | O48: 1.235 | P48: 1.3 | R48: 0.0045 | S48: 1.525 | U48: 1.155 | V48: 1.085 | W48: 0.975 | X48: 0.835
A49: 0.0047 | B49: 1.718 | L49: 0.005 | M49: 1.09 | N49: 1.17 | O49: 1.23 | P49: 1.3 | R49: 0.0046 | S49: 1.525 | T49: 1.216875 | U49: 1.155 | V49: 1.085 | W49: 0.98 | X49: 0.835
A50: 0.0048 | B50: 1.709 | L50: 0.0051 | M50: 1.08 | N50: 1.17 | O50: 1.225 | P50: 1.29 | R50: 0.0047 | S50: 1.525 | U50: 1.155 | V50: 1.09 | W50: 0.98 | X50: 0.84
A51: 0.0049 | B51: 1.701 | L51: 0.0052 | M51: 1.08 | N51: 1.165 | O51: 1.22 | P51: 1.285 | R51: 0.0048 | S51: 1.53 | U51: 1.16 | V51: 1.09 | W51: 0.985 | X51: 0.84
A52: 0.005 | B52: 1.692 | L52: 0.0053 | M52: 1.075 | N52: 1.16 | O52: 1.215 | P52: 1.28 | R52: 0.0049 | S52: 1.53 | U52: 1.16 | V52: 1.095 | W52: 0.99 | X52: 0.845
A53: 0.0051 | B53: 1.684 | L53: 0.0054 | M53: 1.07 | N53: 1.155 | O53: 1.2 | P53: 1.275 | R53: 0.005 | S53: 1.53 | U53: 1.16 | V53: 1.095 | W53: 0.99 | X53: 0.845
A54: 0.0052 | B54: 1.676 | L54: 0.0055 | M54: 1.065 | N54: 1.15 | O54: 1.2 | P54: 1.27 | R54: 0.0051 | S54: 1.53 | U54: 1.165 | V54: 1.1 | W54: 0.995 | X54: 0.85
A55: 0.0053 | B55: 1.669 | L55: 0.0056 | M55: 1.06 | N55: 1.145 | O55: 1.195 | P55: 1.265 | R55: 0.0052 | S55: 1.53 | U55: 1.165 | V55: 1.1 | W55: 1 | X55: 0.85
A56: 0.0054 | B56: 1.662 | L56: 0.0057 | M56: 1.055 | N56: 1.14 | O56: 1.19 | P56: 1.26 | R56: 0.0053 | S56: 1.535 | U56: 1.165 | V56: 1.1 | W56: 1 | X56: 0.85
A57: 0.0055 | B57: 1.654 | L57: 0.0058 | M57: 1.055 | N57: 1.135 | O57: 1.185 | P57: 1.25 | R57: 0.0054 | S57: 1.535 | U57: 1.165 | V57: 1.1 | W57: 1 | X57: 0.855
A58: 0.0056 | B58: 1.647 | L58: 0.0059 | M58: 1.05 | N58: 1.13 | O58: 1.185 | P58: 1.245 | R58: 0.0055 | S58: 1.535 | U58: 1.17 | V58: 1.105 | W58: 1.005 | X58: 0.855
A59: 0.0057 | B59: 1.64 | L59: 0.006 | M59: 1.05 | N59: 1.13 | O59: 1.18 | P59: 1.24 | R59: 0.0056 | S59: 1.535 | U59: 1.17 | V59: 1.105 | W59: 1.01 | X59: 0.86
A60: 0.0058 | B60: 1.633 | L60: 0.0061 | M60: 1.05 | N60: 1.125 | O60: 1.175 | P60: 1.235 | R60: 0.0057 | S60: 1.535 | U60: 1.17 | V60: 1.11 | W60: 1.015 | X60: 0.86
A61: 0.0059 | B61: 1.626 | L61: 0.0062 | M61: 1.05 | N61: 1.125 | O61: 1.17 | P61: 1.235 | R61: 0.0058 | S61: 1.535 | U61: 1.17 | V61: 1.11 | W61: 1.02 | X61: 0.865
... A107: 0.015 | B107: 1.307 | L107: 0.017 | M107: 0.95 | N107: 0.97 | O107: 1 | P107: 1.02 | R107: 0.0104 | S107: 1.58 | U107: 1.26 | V107: 1.23 | W107: 1.17 | X107: 1.02
A108: 0.016 | B108: 1.288 | L108: 0.018 | M108: 0.95 | P108: 1.01 | R108: 0.0105 | S108: 1.58 | U108: 1.26 | V108: 1.235 | W108: 1.175 | X108: 1.025
A109: 0.017 | B109: 1.271 | L109: 0.019 | M109: 0.95 | P109: 1 | R109: 0.0106 | S109: 1.58 | U109: 1.265 | V109: 1.24 | W109: 1.175 | X109: 1.025
A110: 0.018 | B110: 1.255 | L110: 0.02 | M110: 0.95 | P110: 1 | R110: 0.0107 | S110: 1.58 | U110: 1.27 | V110: 1.24 | W110: 1.175 | X110: 1.03
A111: 0.019 | B111: 1.24 | R111: 0.0108 | S111: 1.585 | U111: 1.27 | V111: 1.245 | W111: 1.18 | X111: 1.035
A112: 0.02 | B112: 1.226 | R112: 0.0109 | S112: 1.585 | U112: 1.275 | V112: 1.25 | W112: 1.185 | X112: 1.04
A113: 0.021 | B113: 1.213 | R113: 0.011 | S113: 1.585 | U113: 1.275 | V113: 1.25 | W113: 1.19 | X113: 1.045
A114: 0.022 | B114: 1.201 | R114: 0.0111 | S114: 1.585 | U114: 1.275 | V114: 1.25 | W114: 1.195 | X114: 1.05
A115: 0.023 | B115: 1.189 | R115: 0.0112 | S115: 1.59 | U115: 1.28 | V115: 1.255 | W115: 1.2 | X115: 1.055
A116: 0.024 | B116: 1.178 | R116: 0.0113 | S116: 1.59 | U116: 1.28 | V116: 1.26 | W116: 1.2 | X116: 1.06
A117: 0.025 | B117: 1.168 | R117: 0.0114 | S117: 1.59 | U117: 1.28 | V117: 1.26 | W117: 1.2 | X117: 1.065
A118: 0.026 | B118: 1.159 | R118: 0.0115 | S118: 1.595 | U118: 1.285 | V118: 1.265 | W118: 1.205 | X118: 1.07
A119: 0.027 | B119: 1.15 | R119: 0.0116 | S119: 1.595 | U119: 1.285 | V119: 1.27 | W119: 1.21 | X119: 1.075
A120: 0.028 | B120: 1.141 | R120: 0.0117 | S120: 1.595 | U120: 1.29 | V120: 1.27 | W120: 1.215 | X120: 1.075
A121: 0.029 | B121: 1.133 | R121: 0.0118 | S121: 1.6 | U121: 1.29 | V121: 1.275 | W121: 1.22 | X121: 1.08
A122: 0.03 | B122: 1.125 | R122: 0.0119 | S122: 1.6 | U122: 1.29 | V122: 1.275 | W122: 1.225 | X122: 1.085
... A175: 0.083 | B175: 0.9506 | R175: 0.0172 | S175: 1.75 | U175: 1.49 | V175: 1.49 | W175: 1.48 | X175: 1.375
A176: 0.084 | B176: 0.9493 | R176: 0.0173 | U176: 1.5 | V176: 1.5 | W176: 1.5 | X176: 1.38
A177: 0.085 | B177: 0.9481 | R177: 0.0174 | U177: 1.5 | V177: 1.5 | W177: 1.5 | X177: 1.385
A178: 0.086 | B178: 0.9469 | R178: 0.0175 | U178: 1.51 | V178: 1.51 | W178: 1.51 | X178: 1.39
A179: 0.087 | B179: 0.9457 | R179: 0.0176 | U179: 1.51 | V179: 1.51 | W179: 1.51 | X179: 1.4
A180: 0.088 | B180: 0.9445 | R180: 0.0177 | U180: 1.52 | V180: 1.52 | W180: 1.52 | X180: 1.41
A181: 0.089 | B181: 0.9433 | R181: 0.0178 | U181: 1.525 | V181: 1.525 | W181: 1.525 | X181: 1.42
A182: 0.09 | B182: 0.9422 | R182: 0.0179 | U182: 1.53 | V182: 1.53 | W182: 1.53 | X182: 1.425
A183: 0.091 | B183: 0.9411 | R183: 0.018 | U183: 1.54 | V183: 1.54 | W183: 1.54 | X183: 1.43
A184: 0.092 | B184: 0.9401
A185: 0.093 | B185: 0.9391
A186: 0.094 | B186: 0.9381
A187: 0.095 | B187: 0.9371
A188: 0.096 | B188: 0.9362
A189: 0.097 | B189: 0.9353
A190: 0.098 | B190: 0.9344
A191: 0.099 | B191: 0.9335
A192: 0.1 | B192: 0.9327
A193: 0.101 | B193: 0.9319
A194: 0.102 | B194: 0.9311
A195: 0.103 | B195: 0.9304
... A732: 1 | B732: 1

Sheet C-1(경사제) (3)
A1: d/Lo | B1: H/Ho' | D1: Ho'/gT² | E1: R/Ho' | Z1: 해저 기울기 1/50일때 h/Ho' 와 Ho'/Lo 에 따른 Hmax/Ho' | AH1: 해저 기울기 1/50일때 h/Ho' 와 Ho'/Lo 에 따른 H1/20 / H1/3
D2: ds/Ho' | E2: 0.8 | F2: 0.8 | G2: 0.8 | H2: 2 | I2: 2 | J2: 2 | L2: m | M2: 0.02 | N2: 0.033 | O2: 0.05 | P2: 0.1 | R2: Hb'/gT² | S2: α | T2: β
A3: 0.0001 | B3: 4.467 | D3: Slope | E3: 1.3 | F3: 1.5 | G3: 2 | H3: 1.3 | I3: 1.5 | J3: 2 | L3: 0.0004 | M3: 2.08 | N3: 2.28 | O3: 2.42 | P3: 2.53 | T3: 0.01 | U3: 0.02 | V3: 0.033 | W3: 0.05 | X3: 0.1 | Z3: h/Ho' | AA3: Ho'/Lo | AH3: h/Ho' | AI3: Ho'/Lo
A4: 0.0002 | B4: 3.757 | D4: 0.0003 | E4: 5.69 | F4: 5.63 | G4: 5.53 | H4: 4.21 | I4: 4.11 | J4: 4.22 | L4: 0.0005 | M4: 1.96 | N4: 2.13 | O4: 2.26 | P4: 2.38 | R4: 0.0001 | S4: 1.475 | U4: 1.06 | V4: 0.99 | W4: 0.88 | X4: 0.725 | AA4: 0.002 | AB4: 0.005 | AC4: 0.01 | AD4: 0.02 | AE4: 0.04 | AF4: 0.08 | AI4: 0.002 | AJ4: 0.005 | AK4: 0.01 | AL4: 0.02 | AM4: 0.04 | AN4: 0.08
A5: 0.0003 | B5: 3.395 | D5: 0.0006 | E5: 5.4 | F5: 5.33 | G5: 5.25 | H5: 3.99 | I5: 3.93 | J5: 3.98 | L5: 0.0006 | M5: 1.86 | N5: 2.02 | O5: 2.13 | P5: 2.27 | R5: 0.0002 | S5: 1.475 | U5: 1.06 | V5: 0.995 | W5: 0.88 | X5: 0.73 | Z5: 0 | AA5: 0.69 | AB5: 0.46 | AC5: 0.34 | AD5: 0.25 | AE5: 0.2 | AF5: 0.16 | AH5: 0 | AI5: 1.452 | AJ5: 1.448 | AK5: 1.441 | AL5: 1.427 | AM5: 1.408 | AN5: 1.383
A6: 0.0004 | B6: 3.16 | D6: 0.0009 | E6: 5.05 | F6: 4.97 | G6: 4.85 | H6: 3.78 | I6: 3.83 | J6: 3.84 | L6: 0.0007 | M6: 1.78 | N6: 1.93 | O6: 2.04 | P6: 2.16 | R6: 0.0003 | S6: 1.475 | U6: 1.065 | V6: 1 | W6: 0.885 | X6: 0.735 | Z6: 0.1 | AA6: 0.72 | AB6: 0.51 | AC6: 0.39 | AD6: 0.31 | AE6: 0.26 | AF6: 0.21 | AH6: 0.1 | AI6: 1.439 | AJ6: 1.426 | AK6: 1.41 | AL6: 1.383 | AM6: 1.353 | AN6: 1.323
A7: 0.0005 | B7: 2.989 | D7: 0.0012 | E7: 4.79 | F7: 4.68 | G7: 4.46 | H7: 3.4 | I7: 3.59 | J7: 3.7 | L7: 0.0008 | M7: 1.72 | N7: 1.86 | O7: 1.96 | P7: 2.08 | R7: 0.0004 | S7: 1.475 | U7: 1.065 | V7: 1 | W7: 0.89 | X7: 0.74 | Z7: 0.2 | AA7: 0.77 | AB7: 0.56 | AC7: 0.45 | AD7: 0.37 | AE7: 0.32 | AF7: 0.27 | AH7: 0.2 | AI7: 1.422 | AJ7: 1.398 | AK7: 1.373 | AL7: 1.344 | AM7: 1.313 | AN7: 1.287
A8: 0.0006 | B8: 2.856 | D8: 0.0016 | E8: 4.53 | F8: 4.44 | G8: 4.12 | H8: 3.14 | I8: 3.26 | J8: 3.4 | L8: 0.0009 | M8: 1.66 | N8: 1.8 | O8: 1.9 | P8: 2.01 | R8: 0.0005 | S8: 1.48 | U8: 1.07 | V8: 1 | W8: 0.89 | X8: 0.74 | Z8: 0.3 | AA8: 0.81 | AB8: 0.62 | AC8: 0.51 | AD8: 0.43 | AE8: 0.38 | AF8: 0.33 | AH8: 0.3 | AI8: 1.404 | AJ8: 1.372 | AK8: 1.343 | AL8: 1.316 | AM8: 1.289 | AN8: 1.267
A9: 0.0007 | B9: 2.749 | D9: 0.0019 | E9: 4.29 | F9: 4.17 | G9: 3.86 | H9: 2.99 | I9: 3.16 | J9: 3.31 | L9: 0.001 | M9: 1.61 | N9: 1.75 | O9: 1.84 | P9: 1.96 | R9: 0.0006 | S9: 1.48 | U9: 1.07 | V9: 1.005 | W9: 0.895 | X9: 0.745 | Z9: 0.4 | AA9: 0.86 | AB9: 0.67 | AC9: 0.57 | AD9: 0.49 | AE9: 0.44 | AF9: 0.39 | AH9: 0.4 | AI9: 1.385 | AJ9: 1.349 | AK9: 1.321 | AL9: 1.296 | AM9: 1.274 | AN9: 1.257
A10: 0.0008 | B10: 2.659 | D10: 0.0023 | E10: 3.98 | F10: 3.87 | G10: 3.5 | H10: 2.8 | I10: 3 | J10: 3.13 | L10: 0.0011 | M10: 1.56 | N10: 1.7 | O10: 1.79 | P10: 1.91 | R10: 0.0007 | S10: 1.48 | U10: 1.075 | V10: 1.005 | W10: 0.9 | X10: 0.745 | Z10: 0.5 | AA10: 0.92 | AB10: 0.73 | AC10: 0.64 | AD10: 0.56 | AE10: 0.51 | AF10: 0.45 | AH10: 0.5 | AI10: 1.368 | AJ10: 1.332 | AK10: 1.306 | AL10: 1.283 | AM10: 1.265 | AN10: 1.25
A11: 0.0009 | B11: 2.582 | D11: 0.0031 | E11: 3.6 | F11: 3.46 | G11: 3.11 | H11: 2.51 | I11: 2.79 | J11: 2.85 | L11: 0.0012 | M11: 1.53 | N11: 1.65 | O11: 1.75 | P11: 1.86 | R11: 0.0008 | S11: 1.48 | U11: 1.075 | V11: 1.01 | W11: 0.9 | X11: 0.75 | Z11: 0.6 | AA11: 0.98 | AB11: 0.8 | AC11: 0.7 | AD11: 0.63 | AE11: 0.58 | AF11: 0.52 | AH11: 0.6 | AI11: 1.351 | AJ11: 1.316 | AK11: 1.293 | AL11: 1.275 | AM11: 1.259 | AN11: 1.246
A12: 0.001 | B12: 2.515 | D12: 0.0047 | E12: 3.06 | F12: 2.92 | G12: 2.59 | H12: 2.32 | I12: 2.57 | J12: 2.63 | L12: 0.0013 | M12: 1.49 | N12: 1.61 | O12: 1.71 | P12: 1.82 | R12: 0.0009 | S12: 1.485 | U12: 1.08 | V12: 1.01 | W12: 0.9 | X12: 0.75 | Z12: 0.7 | AA12: 1.04 | AB12: 0.86 | AC12: 0.77 | AD12: 0.7 | AE12: 0.65 | AF12: 0.58 | AH12: 0.7 | AI12: 1.338 | AJ12: 1.305 | AK12: 1.284 | AL12: 1.268 | AM12: 1.255 | AN12: 1.243
A13: 0.0011 | B13: 2.456 | D13: 0.0062 | E13: 2.69 | F13: 2.54 | G13: 2.11 | H13: 2.09 | I13: 2.41 | J13: 2.32 | L13: 0.0014 | M13: 1.46 | N13: 1.58 | O13: 1.68 | P13: 1.78 | R13: 0.001 | S13: 1.485 | U13: 1.085 | V13: 1.015 | W13: 0.9 | X13: 0.75 | Z13: 0.8 | AA13: 1.1 | AB13: 0.93 | AC13: 0.84 | AD13: 0.77 | AE13: 0.72 | AF13: 0.64 | AH13: 0.8 | AI13: 1.326 | AJ13: 1.297 | AK13: 1.278 | AL13: 1.265 | AM13: 1.253 | AN13: 1.242
A14: 0.0012 | B14: 2.404 | D14: 0.0078 | E14: 2.4 | F14: 2.25 | G14: 1.84 | H14: 1.92 | I14: 2.25 | J14: 2.1 | L14: 0.0015 | M14: 1.43 | N14: 1.55 | O14: 1.65 | P14: 1.75 | R14: 0.0011 | S14: 1.485 | U14: 1.09 | V14: 1.02 | W14: 0.905 | X14: 0.75 | Z14: 0.9 | AA14: 1.17 | AB14: 1 | AC14: 0.92 | AD14: 0.84 | AE14: 0.79 | AF14: 0.7 | AH14: 0.9 | AI14: 1.316 | AJ14: 1.288 | AK14: 1.273 | AL14: 1.261 | AM14: 1.252 | AN14: 1.243
A15: 0.0013 | B15: 2.357 | D15: 0.0093 | E15: 2.15 | F15: 1.98 | G15: 1.62 | H15: 1.85 | I15: 2.11 | J15: 1.85 | L15: 0.0016 | M15: 1.41 | N15: 1.52 | O15: 1.62 | P15: 1.72 | R15: 0.0012 | S15: 1.485 | U15: 1.095 | V15: 1.02 | W15: 0.905 | X15: 0.755 | Z15: 1 | AA15: 1.23 | AB15: 1.07 | AC15: 0.99 | AD15: 0.91 | AE15: 0.85 | AF15: 0.75 | AH15: 1 | AI15: 1.308 | AJ15: 1.283 | AK15: 1.269 | AL15: 1.26 | AM15: 1.253 | AN15: 1.244
A16: 0.0014 | B16: 2.314 | D16: 0.0124 | E16: 1.86 | F16: 1.76 | G16: 1.38 | H16: 1.71 | I16: 1.94 | J16: 1.61 | L16: 0.0017 | M16: 1.39 | N16: 1.5 | O16: 1.6 | P16: 1.69 | R16: 0.0013 | S16: 1.49 | U16: 1.1 | V16: 1.025 | W16: 0.91 | X16: 0.76 | Z16: 1.1 | AA16: 1.3 | AB16: 1.14 | AC16: 1.06 | AD16: 0.98 | AE16: 0.92 | AF16: 0.81 | AH16: 1.1 | AI16: 1.301 | AJ16: 1.278 | AK16: 1.266 | AL16: 1.259 | AM16: 1.255 | AN16: 1.248
A17: 0.0015 | B17: 2.275 | L17: 0.0018 | M17: 1.37 | N17: 1.47 | O17: 1.57 | P17: 1.67 | R17: 0.0014 | S17: 1.49 | U17: 1.1 | V17: 1.025 | W17: 0.91 | X17: 0.765 | Z17: 1.2 | AA17: 1.37 | AB17: 1.22 | AC17: 1.14 | AD17: 1.05 | AE17: 0.98 | AF17: 0.86 | AH17: 1.2 | AI17: 1.295 | AJ17: 1.274 | AK17: 1.265 | AL17: 1.261 | AM17: 1.259 | AN17: 1.252
A18: 0.0016 | B18: 2.239 | L18: 0.0019 | M18: 1.35 | N18: 1.45 | O18: 1.55 | P18: 1.64 | R18: 0.0015 | S18: 1.49 | U18: 1.1 | V18: 1.025 | W18: 0.915 | X18: 0.77 | Z18: 1.3 | AA18: 1.43 | AB18: 1.29 | AC18: 1.21 | AD18: 1.13 | AE18: 1.04 | AF18: 0.91 | AH18: 1.3 | AI18: 1.29 | AJ18: 1.272 | AK18: 1.264 | AL18: 1.262 | AM18: 1.265 | AN18: 1.257
A19: 0.0017 | B19: 2.205 | L19: 0.002 | M19: 1.33 | N19: 1.43 | O19: 1.53 | P19: 1.62 | R19: 0.0016 | S19: 1.49 | U19: 1.105 | V19: 1.025 | W19: 0.915 | X19: 0.775 | Z19: 1.4 | AA19: 1.5 | AB19: 1.37 | AC19: 1.29 | AD19: 1.2 | AE19: 1.1 | AF19: 0.95 | AH19: 1.4 | AI19: 1.285 | AJ19: 1.27 | AK19: 1.264 | AL19: 1.267 | AM19: 1.272 | AN19: 1.265
A20: 0.0018 | B20: 2.174 | D20: ds/Ho' >3.0 일경우(사석경사면) | L20: 0.0021 | M20: 1.31 | N20: 1.41 | O20: 1.51 | P20: 1.6 | R20: 0.0017 | S20: 1.495 | U20: 1.105 | V20: 1.03 | W20: 0.92 | X20: 0.775 | Z20: 1.5 | AA20: 1.58 | AB20: 1.44 | AC20: 1.36 | AD20: 1.27 | AE20: 1.16 | AF20: 1 | AH20: 1.5 | AI20: 1.282 | AJ20: 1.269 | AK20: 1.265 | AL20: 1.273 | AM20: 1.283 | AN20: 1.273
A21: 0.0019 | B21: 2.145 | D21: Ho'/gT² | E21: R/Ho' | L21: 0.0022 | M21: 1.3 | N21: 1.4 | O21: 1.5 | P21: 1.58 | R21: 0.0018 | S21: 1.495 | U21: 1.105 | V21: 1.03 | W21: 0.92 | X21: 0.775 | Z21: 1.6 | AA21: 1.65 | AB21: 1.52 | AC21: 1.44 | AD21: 1.34 | AE21: 1.22 | AF21: 1.05 | AH21: 1.6 | AI21: 1.279 | AJ21: 1.268 | AK21: 1.267 | AL21: 1.28 | AM21: 1.295 | AN21: 1.282
A22: 0.002 | B22: 2.119 | E22: SLOPE=1.5 | F22: SLOPE=2.0 | G22: SLOPE=2.5 | L22: 0.0023 | M22: 1.29 | N22: 1.385 | O22: 1.485 | P22: 1.56 | R22: 0.0019 | S22: 1.495 | U22: 1.11 | V22: 1.035 | W22: 0.925 | X22: 0.775 | Z22: 1.7 | AA22: 1.72 | AB22: 1.59 | AC22: 1.51 | AD22: 1.4 | AE22: 1.28 | AF22: 1.09 | AH22: 1.7 | AI22: 1.277 | AJ22: 1.268 | AK22: 1.271 | AL22: 1.289 | AM22: 1.307 | AN22: 1.29
A23: 0.0021 | B23: 2.094 | D23: 0.0004 | E23: 0.833 | F23: 0.924 | G23: 0.799 | L23: 0.0024 | M23: 1.275 | N23: 1.37 | O23: 1.465 | P23: 1.54 | R23: 0.002 | S23: 1.495 | U23: 1.11 | V23: 1.035 | W23: 0.925 | X23: 0.78 | Z23: 1.8 | AA23: 1.8 | AB23: 1.67 | AC23: 1.59 | AD23: 1.47 | AE23: 1.33 | AF23: 1.13 | AH23: 1.8 | AI23: 1.274 | AJ23: 1.268 | AK23: 1.277 | AL23: 1.3 | AM23: 1.32 | AN23: 1.298
A24: 0.0022 | B24: 2.07 | D24: 0.0005 | E24: 0.853 | F24: 0.957 | G24: 0.842 | L24: 0.0025 | M24: 1.26 | N24: 1.36 | O24: 1.45 | P24: 1.53 | R24: 0.0021 | S24: 1.5 | U24: 1.115 | V24: 1.04 | W24: 0.925 | X24: 0.78 | Z24: 1.9 | AA24: 1.87 | AB24: 1.74 | AC24: 1.66 | AD24: 1.53 | AE24: 1.38 | AF24: 1.17 | AH24: 1.9 | AI24: 1.272 | AJ24: 1.27 | AK24: 1.284 | AL24: 1.313 | AM24: 1.334 | AN24: 1.306
A25: 0.0023 | B25: 2.047 | D25: 0.0006 | E25: 0.87 | F25: 0.981 | G25: 0.875 | L25: 0.0026 | M25: 1.25 | N25: 1.35 | O25: 1.44 | P25: 1.51 | R25: 0.0022 | S25: 1.5 | U25: 1.115 | V25: 1.04 | W25: 0.925 | X25: 0.785 | Z25: 2 | AA25: 1.95 | AB25: 1.82 | AC25: 1.73 | AD25: 1.59 | AE25: 1.42 | AF25: 1.21 | AH25: 2 | AI25: 1.271 | AJ25: 1.272 | AK25: 1.291 | AL25: 1.326 | AM25: 1.346 | AN25: 1.314
A26: 0.0024 | B26: 2.025 | D26: 0.0008 | E26: 0.895 | F26: 1.029 | G26: 0.925 | L26: 0.0027 | M26: 1.24 | N26: 1.34 | O26: 1.425 | P26: 1.5 | R26: 0.0023 | S26: 1.5 | U26: 1.115 | V26: 1.045 | W26: 0.93 | X26: 0.785 | Z26: 2.1 | AA26: 2.02 | AB26: 1.89 | AC26: 1.8 | AD26: 1.64 | AE26: 1.46 | AF26: 1.24 | AH26: 2.1 | AI26: 1.271 | AJ26: 1.275 | AK26: 1.301 | AL26: 1.34 | AM26: 1.357 | AN26: 1.321
A27: 0.0025 | B27: 2.005 | D27: 0.001 | E27: 0.92 | F27: 1.058 | G27: 0.969 | L27: 0.0028 | M27: 1.23 | N27: 1.33 | O27: 1.41 | P27: 1.49 | R27: 0.0024 | S27: 1.5 | U27: 1.12 | V27: 1.045 | W27: 0.93 | X27: 0.79 | Z27: 2.2 | AA27: 2.1 | AB27: 1.97 | AC27: 1.86 | AD27: 1.69 | AE27: 1.5 | AF27: 1.27 | AH27: 2.2 | AI27: 1.27 | AJ27: 1.279 | AK27: 1.311 | AL27: 1.352 | AM27: 1.368 | AN27: 1.329
A28: 0.0026 | B28: 1.986 | D28: 0.0015 | E28: 0.972 | F28: 1.104 | G28: 1.075 | L28: 0.0029 | M28: 1.22 | N28: 1.31 | O28: 1.4 | P28: 1.475 | R28: 0.0025 | S28: 1.505 | U28: 1.12 | V28: 1.05 | W28: 0.935 | X28: 0.79 | Z28: 2.3 | AA28: 2.18 | AB28: 2.05 | AC28: 1.92 | AD28: 1.73 | AE28: 1.53 | AF28: 1.3 | AH28: 2.3 | AI28: 1.27 | AJ28: 1.284 | AK28: 1.323 | AL28: 1.362 | AM28: 1.377 | AN28: 1.335
A29: 0.0027 | B29: 1.967 | D29: 0.002 | E29: 1.014 | F29: 1.104 | G29: 1.05 | L29: 0.003 | M29: 1.21 | N29: 1.3 | O29: 1.39 | P29: 1.46 | R29: 0.0026 | S29: 1.505 | U29: 1.12 | V29: 1.05 | W29: 0.935 | X29: 0.795 | Z29: 2.4 | AA29: 2.25 | AB29: 2.12 | AC29: 1.97 | AD29: 1.76 | AE29: 1.56 | AF29: 1.33 | AH29: 2.4 | AI29: 1.271 | AJ29: 1.292 | AK29: 1.334 | AL29: 1.369 | AM29: 1.383 | AN29: 1.342
A30: 0.0028 | B30: 1.95 | D30: 0.003 | E30: 1.032 | F30: 1.04 | G30: 1.008 | J30: · | L30: 0.0031 | M30: 1.2 | N30: 1.3 | O30: 1.38 | P30: 1.45 | R30: 0.0027 | S30: 1.505 | U30: 1.125 | V30: 1.05 | W30: 0.94 | X30: 0.8 | Z30: 2.5 | AA30: 2.33 | AB30: 2.19 | AC30: 2.02 | AD30: 1.79 | AE30: 1.59 | AF30: 1.36 | AH30: 2.5 | AI30: 1.272 | AJ30: 1.299 | AK30: 1.345 | AL30: 1.376 | AM30: 1.388 | AN30: 1.348
A31: 0.0029 | B31: 1.933 | D31: 0.004 | E31: 0.996 | F31: 0.976 | G31: 0.944 | L31: 0.0032 | M31: 1.19 | N31: 1.29 | O31: 1.37 | P31: 1.44 | R31: 0.0028 | S31: 1.505 | U31: 1.125 | V31: 1.05 | W31: 0.94 | X31: 0.8 | Z31: 2.6 | AA31: 2.4 | AB31: 2.26 | AC31: 2.06 | AD31: 1.81 | AE31: 1.6 | AF31: 1.38 | AH31: 2.6 | AI31: 1.273 | AJ31: 1.308 | AK31: 1.354 | AL31: 1.38 | AM31: 1.392 | AN31: 1.354
A32: 0.003 | B32: 1.917 | D32: 0.005 | E32: 0.957 | F32: 0.925 | G32: 0.885 | L32: 0.0033 | M32: 1.18 | N32: 1.28 | O32: 1.36 | P32: 1.43 | R32: 0.0029 | S32: 1.51 | U32: 1.125 | V32: 1.05 | W32: 0.945 | X32: 0.8 | Z32: 2.7 | AA32: 2.47 | AB32: 2.33 | AC32: 2.08 | AD32: 1.82 | AE32: 1.62 | AF32: 1.41 | AH32: 2.7 | AI32: 1.276 | AJ32: 1.317 | AK32: 1.362 | AL32: 1.383 | AM32: 1.395 | AN32: 1.359
A33: 0.0031 | B33: 1.902 | D33: 0.006 | E33: 0.916 | F33: 0.884 | G33: 0.829 | L33: 0.0034 | M33: 1.175 | N33: 1.27 | O33: 1.35 | P33: 1.42 | R33: 0.003 | S33: 1.51 | U33: 1.13 | V33: 1.055 | W33: 0.945 | X33: 0.8 | Z33: 2.8 | AA33: 2.54 | AB33: 2.39 | AC33: 2.11 | AD33: 1.82 | AE33: 1.63 | AF33: 1.43 | AH33: 2.8 | AI33: 1.278 | AJ33: 1.326 | AK33: 1.368 | AL33: 1.385 | AM33: 1.397 | AN33: 1.363
A34: 0.0032 | B34: 1.887 | D34: 0.008 | E34: 0.832 | F34: 0.792 | G34: 0.718 | L34: 0.0035 | M34: 1.17 | N34: 1.26 | O34: 1.34 | P34: 1.41 | R34: 0.0031 | S34: 1.51 | U34: 1.13 | V34: 1.055 | W34: 0.95 | X34: 0.805 | Z34: 2.9 | AA34: 2.62 | AB34: 2.45 | AC34: 2.12 | AD34: 1.83 | AE34: 1.64 | AF34: 1.45 | AH34: 2.9 | AI34: 1.283 | AJ34: 1.336 | AK34: 1.372 | AL34: 1.387 | AM34: 1.398 | AN34: 1.367
A35: 0.0033 | B35: 1.873 | D35: 0.01 | E35: 0.755 | F35: 0.719 | G35: 0.639 | L35: 0.0036 | M35: 1.165 | N35: 1.255 | O35: 1.33 | P35: 1.4 | R35: 0.0032 | S35: 1.51 | U35: 1.13 | V35: 1.055 | W35: 0.95 | X35: 0.805 | Z35: 3 | AA35: 2.69 | AB35: 2.5 | AC35: 2.13 | AD35: 1.83 | AE35: 1.66 | AF35: 1.47 | AH35: 3 | AI35: 1.287 | AJ35: 1.343 | AK35: 1.376 | AL35: 1.389 | AM35: 1.399 | AN35: 1.37
A36: 0.0034 | B36: 1.86 | D36: 0.015 | E36: 0.613 | F36: 0.579 | G36: 0.495 | L36: 0.0037 | M36: 1.16 | N36: 1.25 | O36: 1.32 | P36: 1.39 | R36: 0.0033 | S36: 1.511 | T36: 1.201 | U36: 1.135 | V36: 1.06 | W36: 0.95 | X36: 0.81 | Z36: 3.1 | AA36: 2.77 | AB36: 2.53 | AC36: 2.13 | AD36: 1.82 | AE36: 1.66 | AF36: 1.49 | AH36: 3.1 | AI36: 1.291 | AJ36: 1.35 | AK36: 1.379 | AL36: 1.392 | AM36: 1.4 | AN36: 1.373
A37: 0.0035 | B37: 1.847 | D37: 0.02 | E37: 0.513 | F37: 0.47 | G37: 0.404 | L37: 0.0038 | M37: 1.15 | N37: 1.24 | O37: 1.31 | P37: 1.38 | R37: 0.0034 | S37: 1.513 | T37: 1.202 | U37: 1.135 | V37: 1.06 | W37: 0.95 | X37: 0.81 | Z37: 3.2 | AA37: 2.85 | AB37: 2.55 | AC37: 2.13 | AD37: 1.82 | AE37: 1.66 | AF37: 1.5 | AH37: 3.2 | AI37: 1.297 | AJ37: 1.355 | AK37: 1.382 | AL37: 1.393 | AM37: 1.4 | AN37: 1.376
A38: 0.0036 | B38: 1.834 | L38: 0.0039 | M38: 1.14 | N38: 1.235 | O38: 1.3 | P38: 1.37 | R38: 0.0035 | S38: 1.515 | T38: 1.202 | U38: 1.14 | V38: 1.06 | W38: 0.95 | X38: 0.815 | Z38: 3.3 | AA38: 2.92 | AB38: 2.56 | AC38: 2.12 | AD38: 1.81 | AE38: 1.67 | AF38: 1.52 | AH38: 3.3 | AI38: 1.303 | AJ38: 1.36 | AK38: 1.384 | AL38: 1.394 | AM38: 1.401 | AN38: 1.379
A39: 0.0037 | B39: 1.822 | L39: 0.004 | M39: 1.14 | N39: 1.23 | O39: 1.3 | P39: 1.36 | R39: 0.0036 | S39: 1.515 | T39: 1.203 | U39: 1.14 | V39: 1.065 | W39: 0.955 | X39: 0.815 | Z39: 3.4 | AA39: 2.98 | AB39: 2.56 | AC39: 2.12 | AD39: 1.8 | AE39: 1.67 | AF39: 1.54 | AH39: 3.4 | AI39: 1.309 | AJ39: 1.363 | AK39: 1.386 | AL39: 1.395 | AM39: 1.401 | AN39: 1.381
A40: 0.0038 | B40: 1.81 | L40: 0.0041 | M40: 1.13 | N40: 1.225 | O40: 1.29 | P40: 1.355 | R40: 0.0037 | S40: 1.516 | T40: 1.204 | U40: 1.14 | V40: 1.065 | W40: 0.955 | X40: 0.82 | Z40: 3.5 | AA40: 3.05 | AB40: 2.55 | AC40: 2.1 | AD40: 1.79 | AE40: 1.67 | AF40: 1.55 | AH40: 3.5 | AI40: 1.316 | AJ40: 1.367 | AK40: 1.388 | AL40: 1.397 | AM40: 1.401 | AN40: 1.383
A41: 0.0039 | B41: 1.799 | L41: 0.0042 | M41: 1.13 | N41: 1.22 | O41: 1.28 | P41: 1.35 | R41: 0.0038 | S41: 1.517 | T41: 1.205 | U41: 1.145 | V41: 1.065 | W41: 0.96 | X41: 0.82 | Z41: 3.6 | AA41: 3.11 | AB41: 2.54 | AC41: 2.09 | AD41: 1.78 | AE41: 1.67 | AF41: 1.57 | AH41: 3.6 | AI41: 1.323 | AJ41: 1.369 | AK41: 1.389 | AL41: 1.397 | AM41: 1.401 | AN41: 1.385
A42: 0.004 | B42: 1.788 | L42: 0.0043 | M42: 1.12 | N42: 1.215 | O42: 1.27 | P42: 1.35 | R42: 0.0039 | S42: 1.52 | U42: 1.145 | V42: 1.075 | W42: 0.96 | X42: 0.825 | Z42: 3.7 | AA42: 3.17 | AB42: 2.52 | AC42: 2.07 | AD42: 1.77 | AE42: 1.66 | AF42: 1.58 | AH42: 3.7 | AI42: 1.33 | AJ42: 1.371 | AK42: 1.391 | AL42: 1.398 | AM42: 1.402 | AN42: 1.386
A43: 0.0041 | B43: 1.777 | L43: 0.0044 | M43: 1.12 | N43: 1.21 | O43: 1.26 | P43: 1.34 | R43: 0.004 | S43: 1.52 | U43: 1.145 | V43: 1.075 | W43: 0.965 | X43: 0.825 | Z43: 3.8 | AA43: 3.22 | AB43: 2.49 | AC43: 2.05 | AD43: 1.75 | AE43: 1.66 | AF43: 1.59 | AH43: 3.8 | AI43: 1.335 | AJ43: 1.374 | AK43: 1.391 | AL43: 1.398 | AM43: 1.402 | AN43: 1.387
A44: 0.0042 | B44: 1.767 | L44: 0.0045 | M44: 1.11 | N44: 1.205 | O44: 1.255 | P44: 1.33 | R44: 0.0041 | S44: 1.52 | T44: 1.213075 | U44: 1.15 | V44: 1.075 | W44: 0.97 | X44: 0.825 | Z44: 3.9 | AA44: 3.27 | AB44: 2.45 | AC44: 2.02 | AD44: 1.74 | AE44: 1.66 | AF44: 1.6 | AH44: 3.9 | AI44: 1.34 | AJ44: 1.376 | AK44: 1.391 | AL44: 1.398 | AM44: 1.402 | AN44: 1.388
A45: 0.0043 | B45: 1.756 | L45: 0.0046 | M45: 1.1 | N45: 1.2 | O45: 1.25 | P45: 1.325 | R45: 0.0042 | S45: 1.52 | T45: 1.213875 | U45: 1.15 | V45: 1.075 | W45: 0.975 | X45: 0.825 | Z45: 4 | AA45: 3.32 | AB45: 2.41 | AC45: 1.98 | AD45: 1.72 | AE45: 1.66 | AF45: 1.61 | AH45: 4 | AI45: 1.345 | AJ45: 1.378 | AK45: 1.391 | AL45: 1.398 | AM45: 1.402 | AN45: 1.389
A46: 0.0044 | B46: 1.746 | L46: 0.0047 | M46: 1.1 | N46: 1.19 | O46: 1.245 | P46: 1.32 | R46: 0.0043 | S46: 1.525 | T46: 1.214625 | U46: 1.15 | V46: 1.08 | W46: 0.975 | X46: 0.83
A47: 0.0045 | B47: 1.737 | L47: 0.0048 | M47: 1.1 | N47: 1.18 | O47: 1.24 | P47: 1.31 | R47: 0.0044 | S47: 1.525 | U47: 1.15 | V47: 1.08 | W47: 0.975 | X47: 0.83
A48: 0.0046 | B48: 1.727 | L48: 0.0049 | M48: 1.09 | N48: 1.175 | O48: 1.235 | P48: 1.3 | R48: 0.0045 | S48: 1.525 | U48: 1.155 | V48: 1.085 | W48: 0.975 | X48: 0.835
A49: 0.0047 | B49: 1.718 | L49: 0.005 | M49: 1.09 | N49: 1.17 | O49: 1.23 | P49: 1.3 | R49: 0.0046 | S49: 1.525 | T49: 1.216875 | U49: 1.155 | V49: 1.085 | W49: 0.98 | X49: 0.835
A50: 0.0048 | B50: 1.709 | L50: 0.0051 | M50: 1.08 | N50: 1.17 | O50: 1.225 | P50: 1.29 | R50: 0.0047 | S50: 1.525 | U50: 1.155 | V50: 1.09 | W50: 0.98 | X50: 0.84
A51: 0.0049 | B51: 1.701 | L51: 0.0052 | M51: 1.08 | N51: 1.165 | O51: 1.22 | P51: 1.285 | R51: 0.0048 | S51: 1.53 | U51: 1.16 | V51: 1.09 | W51: 0.985 | X51: 0.84
A52: 0.005 | B52: 1.692 | L52: 0.0053 | M52: 1.075 | N52: 1.16 | O52: 1.215 | P52: 1.28 | R52: 0.0049 | S52: 1.53 | U52: 1.16 | V52: 1.095 | W52: 0.99 | X52: 0.845
A53: 0.0051 | B53: 1.684 | L53: 0.0054 | M53: 1.07 | N53: 1.155 | O53: 1.2 | P53: 1.275 | R53: 0.005 | S53: 1.53 | U53: 1.16 | V53: 1.095 | W53: 0.99 | X53: 0.845
A54: 0.0052 | B54: 1.676 | L54: 0.0055 | M54: 1.065 | N54: 1.15 | O54: 1.2 | P54: 1.27 | R54: 0.0051 | S54: 1.53 | U54: 1.165 | V54: 1.1 | W54: 0.995 | X54: 0.85
A55: 0.0053 | B55: 1.669 | L55: 0.0056 | M55: 1.06 | N55: 1.145 | O55: 1.195 | P55: 1.265 | R55: 0.0052 | S55: 1.53 | U55: 1.165 | V55: 1.1 | W55: 1 | X55: 0.85
A56: 0.0054 | B56: 1.662 | L56: 0.0057 | M56: 1.055 | N56: 1.14 | O56: 1.19 | P56: 1.26 | R56: 0.0053 | S56: 1.535 | U56: 1.165 | V56: 1.1 | W56: 1 | X56: 0.85
A57: 0.0055 | B57: 1.654 | L57: 0.0058 | M57: 1.055 | N57: 1.135 | O57: 1.185 | P57: 1.25 | R57: 0.0054 | S57: 1.535 | U57: 1.165 | V57: 1.1 | W57: 1 | X57: 0.855
A58: 0.0056 | B58: 1.647 | L58: 0.0059 | M58: 1.05 | N58: 1.13 | O58: 1.185 | P58: 1.245 | R58: 0.0055 | S58: 1.535 | U58: 1.17 | V58: 1.105 | W58: 1.005 | X58: 0.855
A59: 0.0057 | B59: 1.64 | L59: 0.006 | M59: 1.05 | N59: 1.13 | O59: 1.18 | P59: 1.24 | R59: 0.0056 | S59: 1.535 | U59: 1.17 | V59: 1.105 | W59: 1.01 | X59: 0.86
A60: 0.0058 | B60: 1.633 | L60: 0.0061 | M60: 1.05 | N60: 1.125 | O60: 1.175 | P60: 1.235 | R60: 0.0057 | S60: 1.535 | U60: 1.17 | V60: 1.11 | W60: 1.015 | X60: 0.86
A61: 0.0059 | B61: 1.626 | L61: 0.0062 | M61: 1.05 | N61: 1.125 | O61: 1.17 | P61: 1.235 | R61: 0.0058 | S61: 1.535 | U61: 1.17 | V61: 1.11 | W61: 1.02 | X61: 0.865
... A107: 0.015 | B107: 1.307 | L107: 0.017 | M107: 0.95 | N107: 0.97 | O107: 1 | P107: 1.02 | R107: 0.0104 | S107: 1.58 | U107: 1.26 | V107: 1.23 | W107: 1.17 | X107: 1.02
A108: 0.016 | B108: 1.288 | L108: 0.018 | M108: 0.95 | P108: 1.01 | R108: 0.0105 | S108: 1.58 | U108: 1.26 | V108: 1.235 | W108: 1.175 | X108: 1.025
A109: 0.017 | B109: 1.271 | L109: 0.019 | M109: 0.95 | P109: 1 | R109: 0.0106 | S109: 1.58 | U109: 1.265 | V109: 1.24 | W109: 1.175 | X109: 1.025
A110: 0.018 | B110: 1.255 | L110: 0.02 | M110: 0.95 | P110: 1 | R110: 0.0107 | S110: 1.58 | U110: 1.27 | V110: 1.24 | W110: 1.175 | X110: 1.03
A111: 0.019 | B111: 1.24 | R111: 0.0108 | S111: 1.585 | U111: 1.27 | V111: 1.245 | W111: 1.18 | X111: 1.035
A112: 0.02 | B112: 1.226 | R112: 0.0109 | S112: 1.585 | U112: 1.275 | V112: 1.25 | W112: 1.185 | X112: 1.04
A113: 0.021 | B113: 1.213 | R113: 0.011 | S113: 1.585 | U113: 1.275 | V113: 1.25 | W113: 1.19 | X113: 1.045
A114: 0.022 | B114: 1.201 | R114: 0.0111 | S114: 1.585 | U114: 1.275 | V114: 1.25 | W114: 1.195 | X114: 1.05
A115: 0.023 | B115: 1.189 | R115: 0.0112 | S115: 1.59 | U115: 1.28 | V115: 1.255 | W115: 1.2 | X115: 1.055
A116: 0.024 | B116: 1.178 | R116: 0.0113 | S116: 1.59 | U116: 1.28 | V116: 1.26 | W116: 1.2 | X116: 1.06
A117: 0.025 | B117: 1.168 | R117: 0.0114 | S117: 1.59 | U117: 1.28 | V117: 1.26 | W117: 1.2 | X117: 1.065
A118: 0.026 | B118: 1.159 | R118: 0.0115 | S118: 1.595 | U118: 1.285 | V118: 1.265 | W118: 1.205 | X118: 1.07
A119: 0.027 | B119: 1.15 | R119: 0.0116 | S119: 1.595 | U119: 1.285 | V119: 1.27 | W119: 1.21 | X119: 1.075
A120: 0.028 | B120: 1.141 | R120: 0.0117 | S120: 1.595 | U120: 1.29 | V120: 1.27 | W120: 1.215 | X120: 1.075
A121: 0.029 | B121: 1.133 | R121: 0.0118 | S121: 1.6 | U121: 1.29 | V121: 1.275 | W121: 1.22 | X121: 1.08
A122: 0.03 | B122: 1.125 | R122: 0.0119 | S122: 1.6 | U122: 1.29 | V122: 1.275 | W122: 1.225 | X122: 1.085
... A175: 0.083 | B175: 0.9506 | R175: 0.0172 | S175: 1.75 | U175: 1.49 | V175: 1.49 | W175: 1.48 | X175: 1.375
A176: 0.084 | B176: 0.9493 | R176: 0.0173 | U176: 1.5 | V176: 1.5 | W176: 1.5 | X176: 1.38
A177: 0.085 | B177: 0.9481 | R177: 0.0174 | U177: 1.5 | V177: 1.5 | W177: 1.5 | X177: 1.385
A178: 0.086 | B178: 0.9469 | R178: 0.0175 | U178: 1.51 | V178: 1.51 | W178: 1.51 | X178: 1.39
A179: 0.087 | B179: 0.9457 | R179: 0.0176 | U179: 1.51 | V179: 1.51 | W179: 1.51 | X179: 1.4
A180: 0.088 | B180: 0.9445 | R180: 0.0177 | U180: 1.52 | V180: 1.52 | W180: 1.52 | X180: 1.41
A181: 0.089 | B181: 0.9433 | R181: 0.0178 | U181: 1.525 | V181: 1.525 | W181: 1.525 | X181: 1.42
A182: 0.09 | B182: 0.9422 | R182: 0.0179 | U182: 1.53 | V182: 1.53 | W182: 1.53 | X182: 1.425
A183: 0.091 | B183: 0.9411 | R183: 0.018 | U183: 1.54 | V183: 1.54 | W183: 1.54 | X183: 1.43
A184: 0.092 | B184: 0.9401
A185: 0.093 | B185: 0.9391
A186: 0.094 | B186: 0.9381
A187: 0.095 | B187: 0.9371
A188: 0.096 | B188: 0.9362
A189: 0.097 | B189: 0.9353
A190: 0.098 | B190: 0.9344
A191: 0.099 | B191: 0.9335
A192: 0.1 | B192: 0.9327
A193: 0.101 | B193: 0.9319
A194: 0.102 | B194: 0.9311
A195: 0.103 | B195: 0.9304
... A732: 1 | B732: 1

Sheet C-1(혼성제) (3)
